store,_product_websites,_attribute_set,type,group_flavor,category_ids,sku,has_options,upc_code,name,meta_title,meta_description,image,small_image,thumbnail,gallery,url_key,url_path,page_layout,options_container,msrp_enabled,msrp_display_actual_price_type,image_label,small_image_label,thumbnail_label,brand,bedding_pattern,priceper,averageweight,price,unit,special_price,weight,msrp,gift_wrapping_price,status,is_recurring,visibility,tax_class_id,description,short_description,meta_keyword,custom_layout_update,blacknwhite_prcustom,blacknwhite_prtabs,blacknwhite_prrelatedcontent,manufacturer_info,cooking,freezing,special_from_date,special_to_date,news_from_date,news_to_date,custom_design_from,custom_design_to,qty,min_qty,use_config_min_qty,is_qty_decimal,backorders,use_config_backorders,min_sale_qty,use_config_min_sale_qty,max_sale_qty,use_config_max_sale_qty,is_in_stock,low_stock_date,notify_stock_qty,use_config_notify_stock_qty,manage_stock,use_config_manage_stock,stock_status_changed_auto,use_config_qty_increments,qty_increments,use_config_enable_qty_inc,enable_qty_increments,is_decimal_divided,stock_status_changed_automatically,use_config_enable_qty_increments,product_name,store_id,product_type_id,product_status_changed,product_changed_websites,country_of_manufacture,custom_design,gift_wrapping_available,gift_message_available,color,homeware_style,material,bed_bath_type,decor_type,home_decor_type,blacknwhite_prsku,blacknwhite_prlayout,blacknwhite_prprevnext,blacknwhite_prmoreviews,blacknwhite_prrelated,blacknwhite_relatedpos,blacknwhite_prcolleteral,blacknwhite_productimg,blacknwhite_prbrand,blacknwhite_prbrandlink,blacknwhite_prbrandtarget,blacknwhite_prbrandpos,blacknwhite_prsidebar
admin,base,Grocery,simple,1,"4,10,41",gro0001,0,6618800870,100% PURE,,,,,,,100-pure,100-pure-923.html,1 column,Product Info Column,Use config,Use config,,,,BAKER'S,,,,35.55,lb,,0.17,,,1,No,"Catalog, Search",Taxable Goods,BITTERSWEET CHOCOLATE SQUARES,BITTERSWEET CHOCOLATE SQUARES,,,,,,KRAFT CANADA,Content will be updated,Content will be updated,,,,,,,100,0,1,0,0,1,1,1,0,1,1,,0,1,0,1,0,1,0,1,0,0,0,1,100% PURE,0,simple,,,,,,,,,,,,,,,,,,,,,,,,,
admin,base,Grocery,simple,1,"4,11,48",gro0002,0,6618800780,100% PURE,,,,,,,100-pure,100-pure-924.html,1 column,Product Info Column,Use config,Use config,,,,BAKER'S,,,,35.55,,,0.3,,,1,No,"Catalog, Search",Taxable Goods,MILK CHOCOLATE CHIPS,MILK CHOCOLATE CHIPS,,,,,,KRAFT CANADA,Content will be updated,Content will be updated,,,,,,,100,0,1,0,0,1,1,1,0,1,1,,0,1,0,1,0,1,0,1,0,0,0,1,100% PURE,0,simple,,,,,,,,,,,,,,,,,,,,,,,,,
admin,base,Grocery,simple,1,"4,12,50",gro0003,0,6618800940,100% PURE,,,,,,,100-pure,100-pure-925.html,1 column,Product Info Column,Use config,Use config,,,,BAKER'S,,,,35.55,,,0.3,,,1,No,"Catalog, Search",Taxable Goods,SEMI-SWEET CHOCOLATE CHIPS,SEMI-SWEET CHOCOLATE CHIPS,,,,,,KRAFT CANADA,Content will be updated,Content will be updated,,,,,,,100,0,1,0,0,1,1,1,0,1,1,,0,1,0,1,0,1,0,1,0,0,0,1,100% PURE,0,simple,,,,,,,,,,,,,,,,,,,,,,,,,
admin,base,Grocery,simple,1,"4,10,45",gro0004,0,6618800800,100% PURE,,,,,,,100-pure,100-pure-926.html,1 column,Product Info Column,Use config,Use config,,,,BAKER'S,,,,35.55,lb,,0.225,,,1,No,"Catalog, Search",Taxable Goods,SEMI-SWEET CHOCOLATE SQUARES,SEMI-SWEET CHOCOLATE SQUARES,,,,,,KRAFT CANADA,Content will be updated,Content will be updated,,,,,,,100,0,1,0,0,1,1,1,0,1,1,,0,1,0,1,0,1,0,1,0,0,0,1,100% PURE,0,simple,,,,,,,,,,,,,,,,,,,,,,,,,
admin,base,Grocery,simple,1,"4,11,49",gro0005,0,6618800790,100% PURE INDIVIDUALLY WRAPED,,,,,,,100-pure-individually-wraped,100-pure-individually-wraped.html,1 column,Product Info Column,Use config,Use config,,,,BAKER'S,,,,35.55,,,0.225,,,1,No,"Catalog, Search",Taxable Goods,SWEET CHOCOLATE SQUARES ,SWEET CHOCOLATE SQUARES ,,,,,,KRAFT CANADA,Content will be updated,Content will be updated,,,,,,,100,0,1,0,0,1,1,1,0,1,1,,0,1,0,1,0,1,0,1,0,0,0,1,100% PURE INDIVIDUALLY WRAPED,0,simple,,,,,,,,,,,,,,,,,,,,,,,,,
admin,base,Grocery,simple,1,"4,12,44",gro0006,0,6618800840,100% PURE,,,,,,,100-pure,100-pure-927.html,1 column,Product Info Column,Use config,Use config,,,,BAKER'S,,,,35.55,lb,,0.225,,,1,No,"Catalog, Search",Taxable Goods,UNSWEETENED CHOCOLATE SQUARES,UNSWEETENED CHOCOLATE SQUARES,,,,,,KRAFT CANADA,Content will be updated,Content will be updated,,,,,,,100,0,1,0,0,1,1,1,0,1,1,,0,1,0,1,0,1,0,1,0,0,0,1,100% PURE,0,simple,,,,,,,,,,,,,,,,,,,,,,,,,
admin,base,Grocery,simple,1,"4,10,42",gro0007,0,6618800860,100% PURE,,,,,,,100-pure,100-pure-928.html,1 column,Product Info Column,Use config,Use config,,,,BARNUM'S,,,,35.55,,,0.17,,,1,No,"Catalog, Search",Taxable Goods,WHITE CHOCOLATE SQUARES,WHITE CHOCOLATE SQUARES,,,,,,KRAFT CANADA,Content will be updated,Content will be updated,,,,,,,100,0,1,0,0,1,1,1,0,1,1,,0,1,0,1,0,1,0,1,0,0,0,1,100% PURE,0,simple,,,,,,,,,,,,,,,,,,,,,,,,,
admin,base,Grocery,simple,2,"4,11,41",gro0008,0,6672101134,ARROWROOT DINO-BITES ANIMAL CRACKERS,,,,,,,arrowroot-dino-bites-animal-crackers,arrowroot-dino-bites-animal-crackers.html,1 column,Product Info Column,Use config,Use config,,,,BARNUM'S,,,,35.55,,,0.225,,,1,No,"Catalog, Search",Taxable Goods,BISCUITS,BISCUITS,,,,,,KRAFT CANADA,Content will be updated,Content will be updated,,,,,,,100,0,1,0,0,1,1,1,0,1,1,,0,1,0,1,0,1,0,1,0,0,0,1,ARROWROOT DINO-BITES ANIMAL CRACKERS,0,simple,,,,,,,,,,,,,,,,,,,,,,,,,
admin,base,Grocery,simple,2,"4,12,48",gro0009,0,6672101160,ARROWROOT ANIMAL CRACKERS GO WILD!,,,,,,,arrowroot-animal-crackers-go-wild,arrowroot-animal-crackers-go-wild.html,1 column,Product Info Column,Use config,Use config,,,,BIRD'S,,,,35.55,,,0.225,,,1,No,"Catalog, Search",Taxable Goods,BISCUITS,BISCUITS,,,,,,KRAFT CANADA,Content will be updated,Content will be updated,,,,,,,100,0,1,0,0,1,1,1,0,1,1,,0,1,0,1,0,1,0,1,0,0,0,1,ARROWROOT ANIMAL CRACKERS GO WILD!,0,simple,,,,,,,,,,,,,,,,,,,,,,,,,
admin,base,Grocery,simple,3,"4,10,50",gro0010,0,6618800570,ORIGINAL FLAVOUR,,,,,,,original-flavour,original-flavour.html,1 column,Product Info Column,Use config,Use config,,,,BULL'S-EYE,,,,35.55,lb,,0.34,,,1,No,"Catalog, Search",Taxable Goods,CUSTARD POWDER,CUSTARD POWDER,,,,,,KRAFT CANADA,Content will be updated,Content will be updated,,,,,,,100,0,1,0,0,1,1,1,0,1,1,,0,1,0,1,0,1,0,1,0,0,0,1,ORIGINAL FLAVOUR,0,simple,,,,,,,,,,,,,,,,,,,,,,,,,
admin,base,Grocery,simple,4,"4,11,45",gro0011,0,6810007959,HONEY GARLIC,,,,,,,honey-garlic,honey-garlic.html,1 column,Product Info Column,Use config,Use config,,,,BULL'S-EYE,,,,35.55,,,0.425,,,1,No,"Catalog, Search",Taxable Goods,BARBECUE SAUCE,BARBECUE SAUCE,,,,,,KRAFT CANADA,Content will be updated,Content will be updated,,,,,,,100,0,1,0,0,1,1,1,0,1,1,,0,1,0,1,0,1,0,1,0,0,0,1,HONEY GARLIC,0,simple,,,,,,,,,,,,,,,,,,,,,,,,,
admin,base,Grocery,simple,4,"4,12,49",gro0012,0,6810007964,HOT SOUTHERN CAJUN,,,,,,,hot-southern-cajun,hot-southern-cajun.html,1 column,Product Info Column,Use config,Use config,,,,BULL'S-EYE,,,,35.55,lb,,0.425,,,1,No,"Catalog, Search",Taxable Goods,BARBECUE SAUCE,BARBECUE SAUCE,,,,,,KRAFT CANADA,Content will be updated,Content will be updated,,,,,,,100,0,1,0,0,1,1,1,0,1,1,,0,1,0,1,0,1,0,1,0,0,0,1,HOT SOUTHERN CAJUN,0,simple,,,,,,,,,,,,,,,,,,,,,,,,,
admin,base,Grocery,simple,4,"5,14,44",gro0013,0,6810007966,ORIGINAL,,,,,,,original,original.html,1 column,Product Info Column,Use config,Use config,,,,BULL'S-EYE,,,,35.55,,,0.425,,,1,No,"Catalog, Search",Taxable Goods,BARBECUE SAUCE,BARBECUE SAUCE,,,,,,KRAFT CANADA,Content will be updated,Content will be updated,,,,,,,100,0,1,0,0,1,1,1,0,1,1,,0,1,0,1,0,1,0,1,0,0,0,1,ORIGINAL,0,simple,,,,,,,,,,,,,,,,,,,,,,,,,
admin,base,Grocery,simple,4,"4,10,42",gro0014,0,6810007968,HICKORY SMOKE,,,,,,,hickory-smoke,hickory-smoke.html,1 column,Product Info Column,Use config,Use config,,,,BULL'S-EYE,,,,35.55,,,0.425,,,1,No,"Catalog, Search",Taxable Goods,BARBECUE SAUCE,BARBECUE SAUCE,,,,,,KRAFT CANADA,Content will be updated,Content will be updated,,,,,,,100,0,1,0,0,1,1,1,0,1,1,,0,1,0,1,0,1,0,1,0,0,0,1,HICKORY SMOKE,0,simple,,,,,,,,,,,,,,,,,,,,,,,,,
admin,base,Grocery,simple,4,"4,11,41",gro0015,0,6810007969,GRILLED ONION & GARLIC,,,,,,,grilled-onion-garlic,grilled-onion-garlic.html,1 column,Product Info Column,Use config,Use config,,,,BULL'S-EYE,,,,35.55,,,0.425,,,1,No,"Catalog, Search",Taxable Goods,BARBECUE SAUCE,BARBECUE SAUCE,,,,,,KRAFT CANADA,Content will be updated,Content will be updated,,,,,,,100,0,1,0,0,1,1,1,0,1,1,,0,1,0,1,0,1,0,1,0,0,0,1,GRILLED ONION & GARLIC,0,simple,,,,,,,,,,,,,,,,,,,,,,,,,
admin,base,Grocery,simple,4,"4,12,48",gro0016,0,6810008010,CHIPOTLE,,,,,,,chipotle,chipotle.html,1 column,Product Info Column,Use config,Use config,,,,BULL'S-EYE,,,,35.55,,,0.425,,,1,No,"Catalog, Search",Taxable Goods,BARBECUE SAUCE,BARBECUE SAUCE,,,,,,KRAFT CANADA,Content will be updated,Content will be updated,,,,,,,100,0,1,0,0,1,1,1,0,1,1,,0,1,0,1,0,1,0,1,0,0,0,1,CHIPOTLE,0,simple,,,,,,,,,,,,,,,,,,,,,,,,,
admin,base,Grocery,simple,4,"4,10,50",gro0017,0,6810008011,STEAKHOUSE STYLE,,,,,,,steakhouse-style,steakhouse-style.html,1 column,Product Info Column,Use config,Use config,,,,BULL'S-EYE,,,,35.55,,,0.425,,,1,No,"Catalog, Search",Taxable Goods,BARBECUE SAUCE,BARBECUE SAUCE,,,,,,KRAFT CANADA,Content will be updated,Content will be updated,,,,,,,100,0,1,0,0,1,1,1,0,1,1,,0,1,0,1,0,1,0,1,0,0,0,1,STEAKHOUSE STYLE,0,simple,,,,,,,,,,,,,,,,,,,,,,,,,
admin,base,Grocery,simple,4,"5,16,45",gro0018,0,6810008012,SWEET & STICKY,,,,,,,sweet-sticky,sweet-sticky.html,1 column,Product Info Column,Use config,Use config,,,,CERTO,,,,35.55,,,0.425,,,1,No,"Catalog, Search",Taxable Goods,BARBECUE SAUCE,BARBECUE SAUCE,,,,,,KRAFT CANADA,Content will be updated,Content will be updated,,,,,,,100,0,1,0,0,1,1,1,0,1,1,,0,1,0,1,0,1,0,1,0,0,0,1,SWEET & STICKY,0,simple,,,,,,,,,,,,,,,,,,,,,,,,,
admin,base,Grocery,simple,5,"4,12,49",gro0019,0,6618802970,FOR HOMEMADE JAMS & JELLIES 2 POUCHES,,,,,,,for-homemade-jams-jellies-2-pouches,for-homemade-jams-jellies-2-pouches.html,1 column,Product Info Column,Use config,Use config,,,,CERTO,,,,35.55,,,0.17,,,1,No,"Catalog, Search",Taxable Goods,LIQUID PECTIN,LIQUID PECTIN,,,,,,KRAFT CANADA,Content will be updated,Content will be updated,,,,,,,100,0,1,0,0,1,1,1,0,1,1,,0,1,0,1,0,1,0,1,0,0,0,1,FOR HOMEMADE JAMS & JELLIES 2 POUCHES,0,simple,,,,,,,,,,,,,,,,,,,,,,,,,
admin,base,Grocery,simple,5,"4,10,44",gro0020,0,6618802980,LIGHT FOR HOMEMADE JAMS & JELLIES,,,,,,,light-for-homemade-jams-jellies,light-for-homemade-jams-jellies.html,1 column,Product Info Column,Use config,Use config,,,,CERTO,,,,35.55,,,0.049,,,1,No,"Catalog, Search",Taxable Goods,PECTIN CRYSTALS,PECTIN CRYSTALS,,,,,,KRAFT CANADA,Content will be updated,Content will be updated,,,,,,,100,0,1,0,0,1,1,1,0,1,1,,0,1,0,1,0,1,0,1,0,0,0,1,LIGHT FOR HOMEMADE JAMS & JELLIES,0,simple,,,,,,,,,,,,,,,,,,,,,,,,,
admin,base,Grocery,simple,5,"4,11,42",gro0021,0,6618802990,FOR HOMEMADE JAMS & JELLIES,,,,,,,for-homemade-jams-jellies,for-homemade-jams-jellies.html,1 column,Product Info Column,Use config,Use config,,,,CHEEZ WHIZ,,,,35.55,,,0.057,,,1,No,"Catalog, Search",Taxable Goods,PECTIN CRYSTALS,PECTIN CRYSTALS,,,,,,KRAFT CANADA,Content will be updated,Content will be updated,,,,,,,100,0,1,0,0,1,1,1,0,1,1,,0,1,0,1,0,1,0,1,0,0,0,1,FOR HOMEMADE JAMS & JELLIES,0,simple,,,,,,,,,,,,,,,,,,,,,,,,,
admin,base,Grocery,simple,6,"4,12,41",gro0022,0,6810001020,ORIGINAL,,,,,,,original,original-1565.html,1 column,Product Info Column,Use config,Use config,,,,CHEEZ WHIZ,,,,35.55,,,0.25,,,1,No,"Catalog, Search",Taxable Goods,CHEESE,CHEESE,,,,,,KRAFT CANADA,Content will be updated,Content will be updated,,,,,,,100,0,1,0,0,1,1,1,0,1,1,,0,1,0,1,0,1,0,1,0,0,0,1,ORIGINAL,0,simple,,,,,,,,,,,,,,,,,,,,,,,,,
admin,base,Grocery,simple,6,"5,17,48",gro0023,0,6810001022,ORIGINAL,,,,,,,original,original-1566.html,1 column,Product Info Column,Use config,Use config,,,,CHEEZ WHIZ,,,,35.55,,,0.5,,,1,No,"Catalog, Search",Taxable Goods,CHEESE,CHEESE,,,,,,KRAFT CANADA,Content will be updated,Content will be updated,,,,,,,100,0,1,0,0,1,1,1,0,1,1,,0,1,0,1,0,1,0,1,0,0,0,1,ORIGINAL,0,simple,,,,,,,,,,,,,,,,,,,,,,,,,
admin,base,Grocery,simple,6,"4,10,50",gro0024,0,6810001024,ORIGINAL,,,,,,,original,original-1567.html,1 column,Product Info Column,Use config,Use config,,,,CHEEZ WHIZ,,,,35.55,,,1,,,1,No,"Catalog, Search",Taxable Goods,CHEESE,CHEESE,,,,,,KRAFT CANADA,Content will be updated,Content will be updated,,,,,,,100,0,1,0,0,1,1,1,0,1,1,,0,1,0,1,0,1,0,1,0,0,0,1,ORIGINAL,0,simple,,,,,,,,,,,,,,,,,,,,,,,,,
admin,base,Grocery,simple,6,"4,11,45",gro0025,0,6810001025,ORIGINAL LIGHT,,,,,,,original-light,original-light.html,1 column,Product Info Column,Use config,Use config,,,,CHEEZ WHIZ,,,,35.55,,,0.25,,,1,No,"Catalog, Search",Taxable Goods,CHEESE,CHEESE,,,,,,KRAFT CANADA,Content will be updated,Content will be updated,,,,,,,100,0,1,0,0,1,1,1,0,1,1,,0,1,0,1,0,1,0,1,0,0,0,1,ORIGINAL LIGHT,0,simple,,,,,,,,,,,,,,,,,,,,,,,,,
admin,base,Grocery,simple,6,"4,12,49",gro0026,0,6810001026,ORIGINAL LIGHT,,,,,,,original-light,original-light-943.html,1 column,Product Info Column,Use config,Use config,,,,CHEEZ WHIZ,,,,35.55,,,0.5,,,1,No,"Catalog, Search",Taxable Goods,CHEESE,CHEESE,,,,,,KRAFT CANADA,Content will be updated,Content will be updated,,,,,,,100,0,1,0,0,1,1,1,0,1,1,,0,1,0,1,0,1,0,1,0,0,0,1,ORIGINAL LIGHT,0,simple,,,,,,,,,,,,,,,,,,,,,,,,,
admin,base,Grocery,simple,6,"4,10,44",gro0027,0,6810001027,ORIGINAL LIGHT,,,,,,,original-light,original-light-944.html,1 column,Product Info Column,Use config,Use config,,,,CHEEZ WHIZ,,,,35.55,,,1,,,1,No,"Catalog, Search",Taxable Goods,CHEESE,CHEESE,,,,,,KRAFT CANADA,Content will be updated,Content will be updated,,,,,,,100,0,1,0,0,1,1,1,0,1,1,,0,1,0,1,0,1,0,1,0,0,0,1,ORIGINAL LIGHT,0,simple,,,,,,,,,,,,,,,,,,,,,,,,,
admin,base,Grocery,simple,6,"4,11,42",gro0028,0,6810001029,TEX MEX,,,,,,,tex-mex,tex-mex.html,1 column,Product Info Column,Use config,Use config,,,,CHRISTIE,,,,35.55,,,0.5,,,1,No,"Catalog, Search",Taxable Goods,CHEESE,CHEESE,,,,,,KRAFT CANADA,Content will be updated,Content will be updated,,,,,,,100,0,1,0,0,1,1,1,0,1,1,,0,1,0,1,0,1,0,1,0,0,0,1,TEX MEX,0,simple,,,,,,,,,,,,,,,,,,,,,,,,,
admin,base,Grocery,simple,7,"4,12,41",gro0029,0,6672101717,TRISCUIT THIN CRISPS ORIGINAL,,,,,,,triscuit-thin-crisps-original,triscuit-thin-crisps-original.html,1 column,Product Info Column,Use config,Use config,,,,CHRISTIE,,,,35.55,,,0.225,,,1,No,"Catalog, Search",Taxable Goods,CRACKERS,CRACKERS,,,,,,KRAFT CANADA,Content will be updated,Content will be updated,,,,,,,100,0,1,0,0,1,1,1,0,1,1,,0,1,0,1,0,1,0,1,0,0,0,1,TRISCUIT THIN CRISPS ORIGINAL,0,simple,,,,,,,,,,,,,,,,,,,,,,,,,
admin,base,Grocery,simple,7,"4,10,48",gro0030,0,6672102040,TRISCUIT ORIGINAL,,,,,,,triscuit-original,triscuit-original.html,1 column,Product Info Column,Use config,Use config,,,,CHRISTIE,,,,35.55,,,0.4,,,1,No,"Catalog, Search",Taxable Goods,CRACKERS,CRACKERS,,,,,,KRAFT CANADA,Content will be updated,Content will be updated,,,,,,,100,0,1,0,0,1,1,1,0,1,1,,0,1,0,1,0,1,0,1,0,0,0,1,TRISCUIT ORIGINAL,0,simple,,,,,,,,,,,,,,,,,,,,,,,,,
admin,base,Grocery,simple,7,"4,11,50",gro0031,0,6672102038,TRISCUIT RYE WITH CARAWAY SEEDS,,,,,,,triscuit-rye-with-caraway-seeds,triscuit-rye-with-caraway-seeds.html,1 column,Product Info Column,Use config,Use config,,,,CHRISTIE,,,,35.55,,,0.225,,,1,No,"Catalog, Search",Taxable Goods,CRACKERS,CRACKERS,,,,,,KRAFT CANADA,Content will be updated,Content will be updated,,,,,,,100,0,1,0,0,1,1,1,0,1,1,,0,1,0,1,0,1,0,1,0,0,0,1,TRISCUIT RYE WITH CARAWAY SEEDS,0,simple,,,,,,,,,,,,,,,,,,,,,,,,,
admin,base,Grocery,simple,7,"4,12,45",gro0032,0,6672102034,TRISCUIT 61% LESS SODIUM,,,,,,,triscuit-61-less-sodium,triscuit-61-less-sodium.html,1 column,Product Info Column,Use config,Use config,,,,CHRISTIE,,,,35.55,,,0.225,,,1,No,"Catalog, Search",Taxable Goods,CRACKERS,CRACKERS,,,,,,KRAFT CANADA,Content will be updated,Content will be updated,,,,,,,100,0,1,0,0,1,1,1,0,1,1,,0,1,0,1,0,1,0,1,0,0,0,1,TRISCUIT 61% LESS SODIUM,0,simple,,,,,,,,,,,,,,,,,,,,,,,,,
admin,base,Grocery,simple,7,"4,10,49",gro0033,0,6672102014,TRISCUIT THIN CRISPS PARMESAN GARLIC,,,,,,,triscuit-thin-crisps-parmesan-garlic,triscuit-thin-crisps-parmesan-garlic.html,1 column,Product Info Column,Use config,Use config,,,,CHRISTIE,,,,35.55,,,0.225,,,1,No,"Catalog, Search",Taxable Goods,CRACKERS,CRACKERS,,,,,,KRAFT CANADA,Content will be updated,Content will be updated,,,,,,,100,0,1,0,0,1,1,1,0,1,1,,0,1,0,1,0,1,0,1,0,0,0,1,TRISCUIT THIN CRISPS PARMESAN GARLIC,0,simple,,,,,,,,,,,,,,,,,,,,,,,,,
admin,base,Grocery,simple,7,"4,11,44",gro0034,0,6672102035,TRISCUIT CRACKED PEPPER & OLIVE OIL,,,,,,,triscuit-cracked-pepper-olive-oil,triscuit-cracked-pepper-olive-oil.html,1 column,Product Info Column,Use config,Use config,,,,CHRISTIE,,,,35.55,,,0.225,,,1,No,"Catalog, Search",Taxable Goods,CRACKERS,CRACKERS,,,,,,KRAFT CANADA,Content will be updated,Content will be updated,,,,,,,100,0,1,0,0,1,1,1,0,1,1,,0,1,0,1,0,1,0,1,0,0,0,1,TRISCUIT CRACKED PEPPER & OLIVE OIL,0,simple,,,,,,,,,,,,,,,,,,,,,,,,,
admin,base,Grocery,simple,7,"4,12,42",gro0035,0,6672102037,TRISCUIT ROSEMARY & OLIVE OIL,,,,,,,triscuit-rosemary-olive-oil,triscuit-rosemary-olive-oil.html,1 column,Product Info Column,Use config,Use config,,,,CHRISTIE,,,,35.55,,,0.225,,,1,No,"Catalog, Search",Taxable Goods,CRACKERS,CRACKERS,,,,,,KRAFT CANADA,Content will be updated,Content will be updated,,,,,,,100,0,1,0,0,1,1,1,0,1,1,,0,1,0,1,0,1,0,1,0,0,0,1,TRISCUIT ROSEMARY & OLIVE OIL,0,simple,,,,,,,,,,,,,,,,,,,,,,,,,
admin,base,Grocery,simple,7,"4,10,41",gro0036,0,6672102081,RITZ BITS SANDWICHES SOCCER,,,,,,,ritz-bits-sandwiches-soccer,ritz-bits-sandwiches-soccer.html,1 column,Product Info Column,Use config,Use config,,,,CHRISTIE,,,,35.55,,,0.195,,,1,No,"Catalog, Search",Taxable Goods,CRACKERS,CRACKERS,,,,,,KRAFT CANADA,Content will be updated,Content will be updated,,,,,,,100,0,1,0,0,1,1,1,0,1,1,,0,1,0,1,0,1,0,1,0,0,0,1,RITZ BITS SANDWICHES SOCCER,0,simple,,,,,,,,,,,,,,,,,,,,,,,,,
admin,base,Grocery,simple,7,"4,11,48",gro0037,0,6672102023,RITZ 61% LESS SODIUM,,,,,,,ritz-61-less-sodium,ritz-61-less-sodium.html,1 column,Product Info Column,Use config,Use config,,,,CHRISTIE,,,,35.55,,,0.225,,,1,No,"Catalog, Search",Taxable Goods,CRACKERS,CRACKERS,,,,,,KRAFT CANADA,Content will be updated,Content will be updated,,,,,,,100,0,1,0,0,1,1,1,0,1,1,,0,1,0,1,0,1,0,1,0,0,0,1,RITZ 61% LESS SODIUM,0,simple,,,,,,,,,,,,,,,,,,,,,,,,,
admin,base,Grocery,simple,7,"4,12,50",gro0038,0,6672101559,OREO GOLDEN VANILLA,,,,,,,oreo-golden-vanilla,oreo-golden-vanilla.html,1 column,Product Info Column,Use config,Use config,,,,CHRISTIE,,,,35.55,,,0.35,,,1,No,"Catalog, Search",Taxable Goods,COOKIES,COOKIES,,,,,,KRAFT CANADA,Content will be updated,Content will be updated,,,,,,,100,0,1,0,0,1,1,1,0,1,1,,0,1,0,1,0,1,0,1,0,0,0,1,OREO GOLDEN VANILLA,0,simple,,,,,,,,,,,,,,,,,,,,,,,,,
admin,base,Grocery,simple,7,"4,10,45",gro0039,0,6672101528,OREO CHOCOLATE 30% LESS FAT,,,,,,,oreo-chocolate-30-less-fat,oreo-chocolate-30-less-fat.html,1 column,Product Info Column,Use config,Use config,,,,CHRISTIE,,,,35.55,,,0.35,,,1,No,"Catalog, Search",Taxable Goods,COOKIES,COOKIES,,,,,,KRAFT CANADA,Content will be updated,Content will be updated,,,,,,,100,0,1,0,0,1,1,1,0,1,1,,0,1,0,1,0,1,0,1,0,0,0,1,OREO CHOCOLATE 30% LESS FAT,0,simple,,,,,,,,,,,,,,,,,,,,,,,,,
admin,base,Grocery,simple,7,"4,11,49",gro0040,0,6672101898,OREO GOLDEN VANILLA,,,,,,,oreo-golden-vanilla,oreo-golden-vanilla-956.html,1 column,Product Info Column,Use config,Use config,,,,CHRISTIE,,,,35.55,,,0.55,,,1,No,"Catalog, Search",Taxable Goods,COOKIES,COOKIES,,,,,,KRAFT CANADA,Content will be updated,Content will be updated,,,,,,,100,0,1,0,0,1,1,1,0,1,1,,0,1,0,1,0,1,0,1,0,0,0,1,OREO GOLDEN VANILLA,0,simple,,,,,,,,,,,,,,,,,,,,,,,,,
admin,base,Grocery,simple,7,"4,12,44",gro0041,0,6672101837,OREO CHOCOLATE,,,,,,,oreo-chocolate,oreo-chocolate.html,1 column,Product Info Column,Use config,Use config,,,,CHRISTIE,,,,35.55,,,1.1,,,1,No,"Catalog, Search",Taxable Goods,COOKIES,COOKIES,,,,,,KRAFT CANADA,Content will be updated,Content will be updated,,,,,,,100,0,1,0,0,1,1,1,0,1,1,,0,1,0,1,0,1,0,1,0,0,0,1,OREO CHOCOLATE,0,simple,,,,,,,,,,,,,,,,,,,,,,,,,
admin,base,Grocery,simple,7,"4,10,42",gro0042,0,6672101874,PREMIUM PLUS WHOLE WHEAT,,,,,,,premium-plus-whole-wheat,premium-plus-whole-wheat.html,1 column,Product Info Column,Use config,Use config,,,,CHRISTIE,,,,35.55,,,0.5,,,1,No,"Catalog, Search",Taxable Goods,CRACKERS,CRACKERS,,,,,,KRAFT CANADA,Content will be updated,Content will be updated,,,,,,,100,0,1,0,0,1,1,1,0,1,1,,0,1,0,1,0,1,0,1,0,0,0,1,PREMIUM PLUS WHOLE WHEAT,0,simple,,,,,,,,,,,,,,,,,,,,,,,,,
admin,base,Grocery,simple,7,"4,11,41",gro0043,0,6672101529,FUDGEE-O THE ORIGINAL,,,,,,,fudgee-o-the-original,fudgee-o-the-original.html,1 column,Product Info Column,Use config,Use config,,,,CHRISTIE,,,,35.55,,,0.35,,,1,No,"Catalog, Search",Taxable Goods,COOKIES,COOKIES,,,,,,KRAFT CANADA,Content will be updated,Content will be updated,,,,,,,100,0,1,0,0,1,1,1,0,1,1,,0,1,0,1,0,1,0,1,0,0,0,1,FUDGEE-O THE ORIGINAL,0,simple,,,,,,,,,,,,,,,,,,,,,,,,,
admin,base,Grocery,simple,7,"4,12,48",gro0044,0,6672101767,CHIPS AHOY!,,,,,,,chips-ahoy,chips-ahoy.html,1 column,Product Info Column,Use config,Use config,,,,CHRISTIE,,,,35.55,,,1,,,1,No,"Catalog, Search",Taxable Goods,COOKIES,COOKIES,,,,,,KRAFT CANADA,Content will be updated,Content will be updated,,,,,,,100,0,1,0,0,1,1,1,0,1,1,,0,1,0,1,0,1,0,1,0,0,0,1,CHIPS AHOY!,0,simple,,,,,,,,,,,,,,,,,,,,,,,,,
admin,base,Grocery,simple,7,"4,10,50",gro0045,0,6672101409,RITZ VEGGIE,,,,,,,ritz-veggie,ritz-veggie.html,1 column,Product Info Column,Use config,Use config,,,,CHRISTIE,,,,35.55,,,0.225,,,1,No,"Catalog, Search",Taxable Goods,CHIPS,CHIPS,,,,,,KRAFT CANADA,Content will be updated,Content will be updated,,,,,,,100,0,1,0,0,1,1,1,0,1,1,,0,1,0,1,0,1,0,1,0,0,0,1,RITZ VEGGIE,0,simple,,,,,,,,,,,,,,,,,,,,,,,,,
admin,base,Grocery,simple,7,"4,11,45",gro0046,0,6672101913,NEWTONS DATE,,,,,,,newtons-date,newtons-date.html,1 column,Product Info Column,Use config,Use config,,,,CHRISTIE,,,,35.55,,,0.325,,,1,No,"Catalog, Search",Taxable Goods,COOKIES,COOKIES,,,,,,KRAFT CANADA,Content will be updated,Content will be updated,,,,,,,100,0,1,0,0,1,1,1,0,1,1,,0,1,0,1,0,1,0,1,0,0,0,1,NEWTONS DATE,0,simple,,,,,,,,,,,,,,,,,,,,,,,,,
admin,base,Grocery,simple,7,"4,12,49",gro0047,0,6672101998,OREO 44TERS GOLDEN 6 X 2 PACKAGES,,,,,,,oreo-44ters-golden-6-x-2-packages,oreo-44ters-golden-6-x-2-packages.html,1 column,Product Info Column,Use config,Use config,,,,CHRISTIE,,,,35.55,,,0.3,,,1,No,"Catalog, Search",Taxable Goods,OREO 44TERS,OREO 44TERS,,,,,,KRAFT CANADA,Content will be updated,Content will be updated,,,,,,,100,0,1,0,0,1,1,1,0,1,1,,0,1,0,1,0,1,0,1,0,0,0,1,OREO 44TERS GOLDEN 6 X 2 PACKAGES,0,simple,,,,,,,,,,,,,,,,,,,,,,,,,
admin,base,Grocery,simple,7,"4,10,44",gro0048,0,6672101088,CHIPS AHOY!,,,,,,,chips-ahoy,chips-ahoy-1032.html,1 column,Product Info Column,Use config,Use config,,,,CHRISTIE,,,,35.55,,,0.55,,,1,No,"Catalog, Search",Taxable Goods,COOKIES,COOKIES,,,,,,KRAFT CANADA,Content will be updated,Content will be updated,,,,,,,100,0,1,0,0,1,1,1,0,1,1,,0,1,0,1,0,1,0,1,0,0,0,1,CHIPS AHOY!,0,simple,,,,,,,,,,,,,,,,,,,,,,,,,
admin,base,Grocery,simple,7,"4,11,42",gro0049,0,6672101368,RITZ CHEDDAR,,,,,,,ritz-cheddar,ritz-cheddar.html,1 column,Product Info Column,Use config,Use config,,,,CHRISTIE,,,,35.55,,,0.225,,,1,No,"Catalog, Search",Taxable Goods,CHIPS,CHIPS,,,,,,KRAFT CANADA,Content will be updated,Content will be updated,,,,,,,100,0,1,0,0,1,1,1,0,1,1,,0,1,0,1,0,1,0,1,0,0,0,1,RITZ CHEDDAR,0,simple,,,,,,,,,,,,,,,,,,,,,,,,,
admin,base,Grocery,simple,7,"4,12,41",gro0050,0,6672101406,RITZ SOUR CREAM & ONION,,,,,,,ritz-sour-cream-onion,ritz-sour-cream-onion.html,1 column,Product Info Column,Use config,Use config,,,,CHRISTIE,,,,35.55,,,0.225,,,1,No,"Catalog, Search",Taxable Goods,CHIPS,CHIPS,,,,,,KRAFT CANADA,Content will be updated,Content will be updated,,,,,,,100,0,1,0,0,1,1,1,0,1,1,,0,1,0,1,0,1,0,1,0,0,0,1,RITZ SOUR CREAM & ONION,0,simple,,,,,,,,,,,,,,,,,,,,,,,,,
admin,base,Grocery,simple,7,"4,10,48",gro0051,0,6672101278,PREMIUM PLUS SALTED TOPS,,,,,,,premium-plus-salted-tops,premium-plus-salted-tops.html,1 column,Product Info Column,Use config,Use config,,,,CHRISTIE,,,,35.55,,,0.45,,,1,No,"Catalog, Search",Taxable Goods,CRACKERS,CRACKERS,,,,,,KRAFT CANADA,Content will be updated,Content will be updated,,,,,,,100,0,1,0,0,1,1,1,0,1,1,,0,1,0,1,0,1,0,1,0,0,0,1,PREMIUM PLUS SALTED TOPS,0,simple,,,,,,,,,,,,,,,,,,,,,,,,,
admin,base,Grocery,simple,7,"4,11,50",gro0052,0,6672101386,PREMIUM PLUS UNSALTED TOPS,,,,,,,premium-plus-unsalted-tops,premium-plus-unsalted-tops.html,1 column,Product Info Column,Use config,Use config,,,,CHRISTIE,,,,35.55,,,0.225,,,1,No,"Catalog, Search",Taxable Goods,CRACKERS,CRACKERS,,,,,,KRAFT CANADA,Content will be updated,Content will be updated,,,,,,,100,0,1,0,0,1,1,1,0,1,1,,0,1,0,1,0,1,0,1,0,0,0,1,PREMIUM PLUS UNSALTED TOPS,0,simple,,,,,,,,,,,,,,,,,,,,,,,,,
admin,base,Grocery,simple,7,"4,12,45",gro0053,0,6672101385,PREMIUM PLUS SALTED TOPS,,,,,,,premium-plus-salted-tops,premium-plus-salted-tops-969.html,1 column,Product Info Column,Use config,Use config,,,,CHRISTIE,,,,35.55,,,0.225,,,1,No,"Catalog, Search",Taxable Goods,CRACKERS,CRACKERS,,,,,,KRAFT CANADA,Content will be updated,Content will be updated,,,,,,,100,0,1,0,0,1,1,1,0,1,1,,0,1,0,1,0,1,0,1,0,0,0,1,PREMIUM PLUS SALTED TOPS,0,simple,,,,,,,,,,,,,,,,,,,,,,,,,
admin,base,Grocery,simple,7,"4,10,49",gro0054,0,6672101348,OREO DOUBLE STUF CHOCOLATE,,,,,,,oreo-double-stuf-chocolate,oreo-double-stuf-chocolate.html,1 column,Product Info Column,Use config,Use config,,,,CHRISTIE,,,,35.55,,,0.35,,,1,No,"Catalog, Search",Taxable Goods,COOKIES,COOKIES,,,,,,KRAFT CANADA,Content will be updated,Content will be updated,,,,,,,100,0,1,0,0,1,1,1,0,1,1,,0,1,0,1,0,1,0,1,0,0,0,1,OREO DOUBLE STUF CHOCOLATE,0,simple,,,,,,,,,,,,,,,,,,,,,,,,,
admin,base,Grocery,simple,7,"4,11,44",gro0055,0,6672101239,OREO CHOCOLATE,,,,,,,oreo-chocolate,oreo-chocolate-974.html,1 column,Product Info Column,Use config,Use config,,,,CHRISTIE,,,,35.55,,,0.35,,,1,No,"Catalog, Search",Taxable Goods,COOKIES,COOKIES,,,,,,KRAFT CANADA,Content will be updated,Content will be updated,,,,,,,100,0,1,0,0,1,1,1,0,1,1,,0,1,0,1,0,1,0,1,0,0,0,1,OREO CHOCOLATE,0,simple,,,,,,,,,,,,,,,,,,,,,,,,,
admin,base,Grocery,simple,7,"4,12,42",gro0056,0,6672101181,FUGEE-O DOUBLE STUF,,,,,,,fugee-o-double-stuf,fugee-o-double-stuf.html,1 column,Product Info Column,Use config,Use config,,,,CHRISTIE,,,,35.55,,,0.35,,,1,No,"Catalog, Search",Taxable Goods,COOKIES,COOKIES,,,,,,KRAFT CANADA,Content will be updated,Content will be updated,,,,,,,100,0,1,0,0,1,1,1,0,1,1,,0,1,0,1,0,1,0,1,0,0,0,1,FUGEE-O DOUBLE STUF,0,simple,,,,,,,,,,,,,,,,,,,,,,,,,
admin,base,Grocery,simple,7,"4,10,41",gro0057,0,6672101109,FUGEE-O ORIGINAL,,,,,,,fugee-o-original,fugee-o-original.html,1 column,Product Info Column,Use config,Use config,,,,CHRISTIE,,,,35.55,,,0.55,,,1,No,"Catalog, Search",Taxable Goods,COOKIES,COOKIES,,,,,,KRAFT CANADA,Content will be updated,Content will be updated,,,,,,,100,0,1,0,0,1,1,1,0,1,1,,0,1,0,1,0,1,0,1,0,0,0,1,FUGEE-O ORIGINAL,0,simple,,,,,,,,,,,,,,,,,,,,,,,,,
admin,base,Grocery,simple,7,"4,11,48",gro0058,0,6672101064,OREO CHOCOLATE,,,,,,,oreo-chocolate,oreo-chocolate-975.html,1 column,Product Info Column,Use config,Use config,,,,CHRISTIE,,,,35.55,,,0.55,,,1,No,"Catalog, Search",Taxable Goods,COOKIES,COOKIES,,,,,,KRAFT CANADA,Content will be updated,Content will be updated,,,,,,,100,0,1,0,0,1,1,1,0,1,1,,0,1,0,1,0,1,0,1,0,0,0,1,OREO CHOCOLATE,0,simple,,,,,,,,,,,,,,,,,,,,,,,,,
admin,base,Grocery,simple,7,"4,12,50",gro0059,0,6672101899,CHUNKS AHOY ALMOND,,,,,,,chunks-ahoy-almond,chunks-ahoy-almond.html,1 column,Product Info Column,Use config,Use config,,,,CHRISTIE,,,,35.55,,,0.3,,,1,No,"Catalog, Search",Taxable Goods,COOKIES,COOKIES,,,,,,KRAFT CANADA,Content will be updated,Content will be updated,,,,,,,100,0,1,0,0,1,1,1,0,1,1,,0,1,0,1,0,1,0,1,0,0,0,1,CHUNKS AHOY ALMOND,0,simple,,,,,,,,,,,,,,,,,,,,,,,,,
admin,base,Grocery,simple,7,"4,10,45",gro0060,0,6672101904,CHUNKS AHOY PECAN,,,,,,,chunks-ahoy-pecan,chunks-ahoy-pecan.html,1 column,Product Info Column,Use config,Use config,,,,CHRISTIE,,,,35.55,,,0.3,,,1,No,"Catalog, Search",Taxable Goods,COOKIES,COOKIES,,,,,,KRAFT CANADA,Content will be updated,Content will be updated,,,,,,,100,0,1,0,0,1,1,1,0,1,1,,0,1,0,1,0,1,0,1,0,0,0,1,CHUNKS AHOY PECAN,0,simple,,,,,,,,,,,,,,,,,,,,,,,,,
admin,base,Grocery,simple,7,"4,11,49",gro0061,0,6672101565,CHUNKS AHOY!,,,,,,,chunks-ahoy,chunks-ahoy.html,1 column,Product Info Column,Use config,Use config,,,,CHRISTIE,,,,35.55,,,0.55,,,1,No,"Catalog, Search",Taxable Goods,COOKIES,COOKIES,,,,,,KRAFT CANADA,Content will be updated,Content will be updated,,,,,,,100,0,1,0,0,1,1,1,0,1,1,,0,1,0,1,0,1,0,1,0,0,0,1,CHUNKS AHOY!,0,simple,,,,,,,,,,,,,,,,,,,,,,,,,
admin,base,Grocery,simple,7,"4,12,44",gro0062,0,6672101602,CHEWY CHUNKS AHOY!,,,,,,,chewy-chunks-ahoy,chewy-chunks-ahoy.html,1 column,Product Info Column,Use config,Use config,,,,CHRISTIE,,,,35.55,,,0.325,,,1,No,"Catalog, Search",Taxable Goods,COOKIES,COOKIES,,,,,,KRAFT CANADA,Content will be updated,Content will be updated,,,,,,,100,0,1,0,0,1,1,1,0,1,1,,0,1,0,1,0,1,0,1,0,0,0,1,CHEWY CHUNKS AHOY!,0,simple,,,,,,,,,,,,,,,,,,,,,,,,,
admin,base,Grocery,simple,7,"4,10,42",gro0063,0,6672101668,CHUNKS AHOY!,,,,,,,chunks-ahoy,chunks-ahoy-979.html,1 column,Product Info Column,Use config,Use config,,,,CHRISTIE,,,,35.55,,,0.35,,,1,No,"Catalog, Search",Taxable Goods,COOKIES,COOKIES,,,,,,KRAFT CANADA,Content will be updated,Content will be updated,,,,,,,100,0,1,0,0,1,1,1,0,1,1,,0,1,0,1,0,1,0,1,0,0,0,1,CHUNKS AHOY!,0,simple,,,,,,,,,,,,,,,,,,,,,,,,,
admin,base,Grocery,simple,7,"4,11,41",gro0064,0,6672101766,CHUNKS AHOY! FAMILY PACK,,,,,,,chunks-ahoy-family-pack,chunks-ahoy-family-pack.html,1 column,Product Info Column,Use config,Use config,,,,CHRISTIE,,,,35.55,,,1.1,,,1,No,"Catalog, Search",Taxable Goods,COOKIES,COOKIES,,,,,,KRAFT CANADA,Content will be updated,Content will be updated,,,,,,,100,0,1,0,0,1,1,1,0,1,1,,0,1,0,1,0,1,0,1,0,0,0,1,CHUNKS AHOY! FAMILY PACK,0,simple,,,,,,,,,,,,,,,,,,,,,,,,,
admin,base,Grocery,simple,7,"4,12,48",gro0065,0,6672101183,MINI OREO,,,,,,,mini-oreo,mini-oreo.html,1 column,Product Info Column,Use config,Use config,,,,CHRISTIE,,,,35.55,,,0.225,,,1,No,"Catalog, Search",Taxable Goods,COOKIES,COOKIES,,,,,,KRAFT CANADA,Content will be updated,Content will be updated,,,,,,,100,0,1,0,0,1,1,1,0,1,1,,0,1,0,1,0,1,0,1,0,0,0,1,MINI OREO,0,simple,,,,,,,,,,,,,,,,,,,,,,,,,
admin,base,Grocery,simple,7,"4,10,50",gro0066,0,6672101186,MINI CHIPS AHOY RAINBOW,,,,,,,mini-chips-ahoy-rainbow,mini-chips-ahoy-rainbow.html,1 column,Product Info Column,Use config,Use config,,,,CHRISTIE,,,,35.55,,,0.225,,,1,No,"Catalog, Search",Taxable Goods,COOKIES,COOKIES,,,,,,KRAFT CANADA,Content will be updated,Content will be updated,,,,,,,100,0,1,0,0,1,1,1,0,1,1,,0,1,0,1,0,1,0,1,0,0,0,1,MINI CHIPS AHOY RAINBOW,0,simple,,,,,,,,,,,,,,,,,,,,,,,,,
admin,base,Grocery,simple,7,"4,11,45",gro0067,0,6672101531,PIRATE OATMEAL PEANUT BUTTER COOKIES,,,,,,,pirate-oatmeal-peanut-butter-cookies,pirate-oatmeal-peanut-butter-cookies.html,1 column,Product Info Column,Use config,Use config,,,,CHRISTIE,,,,35.55,,,0.35,,,1,No,"Catalog, Search",Taxable Goods,COOKIES,COOKIES,,,,,,KRAFT CANADA,Content will be updated,Content will be updated,,,,,,,100,0,1,0,0,1,1,1,0,1,1,,0,1,0,1,0,1,0,1,0,0,0,1,PIRATE OATMEAL PEANUT BUTTER COOKIES,0,simple,,,,,,,,,,,,,,,,,,,,,,,,,
admin,base,Grocery,simple,7,"4,12,49",gro0068,0,6672101400,OREO CHOCOLATE CREME,,,,,,,oreo-chocolate-creme,oreo-chocolate-creme.html,1 column,Product Info Column,Use config,Use config,,,,CHRISTIE,,,,35.55,,,0.35,,,1,No,"Catalog, Search",Taxable Goods,COOKIES,COOKIES,,,,,,KRAFT CANADA,Content will be updated,Content will be updated,,,,,,,100,0,1,0,0,1,1,1,0,1,1,,0,1,0,1,0,1,0,1,0,0,0,1,OREO CHOCOLATE CREME,0,simple,,,,,,,,,,,,,,,,,,,,,,,,,
admin,base,Grocery,simple,7,"4,10,44",gro0069,0,6672101426,NEWTON FIG,,,,,,,newton-fig,newton-fig.html,1 column,Product Info Column,Use config,Use config,,,,CHRISTIE,,,,35.55,,,0.34,,,1,No,"Catalog, Search",Taxable Goods,COOKIES,COOKIES,,,,,,KRAFT CANADA,Content will be updated,Content will be updated,,,,,,,100,0,1,0,0,1,1,1,0,1,1,,0,1,0,1,0,1,0,1,0,0,0,1,NEWTON FIG,0,simple,,,,,,,,,,,,,,,,,,,,,,,,,
admin,base,Grocery,simple,7,"4,11,42",gro0070,0,6672101519,MINI CHIPS AHOY,,,,,,,mini-chips-ahoy,mini-chips-ahoy.html,1 column,Product Info Column,Use config,Use config,,,,CHRISTIE,,,,35.55,,,0.225,,,1,No,"Catalog, Search",Taxable Goods,COOKIES,COOKIES,,,,,,KRAFT CANADA,Content will be updated,Content will be updated,,,,,,,100,0,1,0,0,1,1,1,0,1,1,,0,1,0,1,0,1,0,1,0,0,0,1,MINI CHIPS AHOY,0,simple,,,,,,,,,,,,,,,,,,,,,,,,,
admin,base,Grocery,simple,7,"4,12,41",gro0071,0,6672101523,COFFEE BREAKS CINNAMON RAISIN,,,,,,,coffee-breaks-cinnamon-raisin,coffee-breaks-cinnamon-raisin.html,1 column,Product Info Column,Use config,Use config,,,,CHRISTIE,,,,35.55,,,0.35,,,1,No,"Catalog, Search",Taxable Goods,COOKIES,COOKIES,,,,,,KRAFT CANADA,Content will be updated,Content will be updated,,,,,,,100,0,1,0,0,1,1,1,0,1,1,,0,1,0,1,0,1,0,1,0,0,0,1,COFFEE BREAKS CINNAMON RAISIN,0,simple,,,,,,,,,,,,,,,,,,,,,,,,,
admin,base,Grocery,simple,7,"4,10,48",gro0072,0,6672101524,TEDDY GRAHAMS OATMEAL,,,,,,,teddy-grahams-oatmeal,teddy-grahams-oatmeal.html,1 column,Product Info Column,Use config,Use config,,,,CHRISTIE,,,,35.55,,,0.225,,,1,No,"Catalog, Search",Taxable Goods,COOKIES,COOKIES,,,,,,KRAFT CANADA,Content will be updated,Content will be updated,,,,,,,100,0,1,0,0,1,1,1,0,1,1,,0,1,0,1,0,1,0,1,0,0,0,1,TEDDY GRAHAMS OATMEAL,0,simple,,,,,,,,,,,,,,,,,,,,,,,,,
admin,base,Grocery,simple,7,"4,11,50",gro0073,0,6672101110,CHEWY CHIPS AHOY DOUBLE CHOCOLATE,,,,,,,chewy-chips-ahoy-double-chocolate,chewy-chips-ahoy-double-chocolate.html,1 column,Product Info Column,Use config,Use config,,,,CHRISTIE,,,,35.55,,,0.35,,,1,No,"Catalog, Search",Taxable Goods,COOKIES,COOKIES,,,,,,KRAFT CANADA,Content will be updated,Content will be updated,,,,,,,100,0,1,0,0,1,1,1,0,1,1,,0,1,0,1,0,1,0,1,0,0,0,1,CHEWY CHIPS AHOY DOUBLE CHOCOLATE,0,simple,,,,,,,,,,,,,,,,,,,,,,,,,
admin,base,Grocery,simple,7,"4,12,45",gro0074,0,6672101139,MAPLE LEAF,,,,,,,maple-leaf,maple-leaf.html,1 column,Product Info Column,Use config,Use config,,,,CHRISTIE,,,,35.55,,,0.35,,,1,No,"Catalog, Search",Taxable Goods,COOKIES,COOKIES,,,,,,KRAFT CANADA,Content will be updated,Content will be updated,,,,,,,100,0,1,0,0,1,1,1,0,1,1,,0,1,0,1,0,1,0,1,0,0,0,1,MAPLE LEAF,0,simple,,,,,,,,,,,,,,,,,,,,,,,,,
admin,base,Grocery,simple,7,"4,10,49",gro0075,0,6672101305,COCOA TEDDY GRAHAMS,,,,,,,cocoa-teddy-grahams,cocoa-teddy-grahams.html,1 column,Product Info Column,Use config,Use config,,,,CHRISTIE,,,,35.55,,,0.225,,,1,No,"Catalog, Search",Taxable Goods,COOKIES,COOKIES,,,,,,KRAFT CANADA,Content will be updated,Content will be updated,,,,,,,100,0,1,0,0,1,1,1,0,1,1,,0,1,0,1,0,1,0,1,0,0,0,1,COCOA TEDDY GRAHAMS,0,simple,,,,,,,,,,,,,,,,,,,,,,,,,
admin,base,Grocery,simple,7,"4,11,44",gro0076,0,6672101306,TEDDY GRAHAMS HONEY,,,,,,,teddy-grahams-honey,teddy-grahams-honey.html,1 column,Product Info Column,Use config,Use config,,,,CHRISTIE,,,,35.55,,,0.225,,,1,No,"Catalog, Search",Taxable Goods,COOKIES,COOKIES,,,,,,KRAFT CANADA,Content will be updated,Content will be updated,,,,,,,100,0,1,0,0,1,1,1,0,1,1,,0,1,0,1,0,1,0,1,0,0,0,1,TEDDY GRAHAMS HONEY,0,simple,,,,,,,,,,,,,,,,,,,,,,,,,
admin,base,Grocery,simple,7,"4,12,42",gro0077,0,6672101307,TEDDY GRAHAMS CHOCOLATEY CHIP,,,,,,,teddy-grahams-chocolatey-chip,teddy-grahams-chocolatey-chip.html,1 column,Product Info Column,Use config,Use config,,,,CHRISTIE,,,,35.55,,,0.225,,,1,No,"Catalog, Search",Taxable Goods,COOKIES,COOKIES,,,,,,KRAFT CANADA,Content will be updated,Content will be updated,,,,,,,100,0,1,0,0,1,1,1,0,1,1,,0,1,0,1,0,1,0,1,0,0,0,1,TEDDY GRAHAMS CHOCOLATEY CHIP,0,simple,,,,,,,,,,,,,,,,,,,,,,,,,
admin,base,Grocery,simple,7,"4,10,41",gro0078,0,6672101202,OREO,,,,,,,oreo,oreo.html,1 column,Product Info Column,Use config,Use config,,,,CHRISTIE,,,,35.55,,,0.4,,,1,No,"Catalog, Search",Taxable Goods,BAKING CRUMBS,BAKING CRUMBS,,,,,,KRAFT CANADA,Content will be updated,Content will be updated,,,,,,,100,0,1,0,0,1,1,1,0,1,1,,0,1,0,1,0,1,0,1,0,0,0,1,OREO,0,simple,,,,,,,,,,,,,,,,,,,,,,,,,
admin,base,Grocery,simple,7,"4,11,48",gro0079,0,6672101365,RITZ ORIGINAL BAKED,,,,,,,ritz-original-baked,ritz-original-baked.html,1 column,Product Info Column,Use config,Use config,,,,CHRISTIE,,,,35.55,,,0.225,,,1,No,"Catalog, Search",Taxable Goods,CHIPS,CHIPS,,,,,,KRAFT CANADA,Content will be updated,Content will be updated,,,,,,,100,0,1,0,0,1,1,1,0,1,1,,0,1,0,1,0,1,0,1,0,0,0,1,RITZ ORIGINAL BAKED,0,simple,,,,,,,,,,,,,,,,,,,,,,,,,
admin,base,Grocery,simple,7,"4,12,50",gro0080,0,6672101880,RITZ MULTIGRAIN BAKED,,,,,,,ritz-multigrain-baked,ritz-multigrain-baked.html,1 column,Product Info Column,Use config,Use config,,,,CHRISTIE,,,,35.55,,,0.225,,,1,No,"Catalog, Search",Taxable Goods,CHIPS,CHIPS,,,,,,KRAFT CANADA,Content will be updated,Content will be updated,,,,,,,100,0,1,0,0,1,1,1,0,1,1,,0,1,0,1,0,1,0,1,0,0,0,1,RITZ MULTIGRAIN BAKED,0,simple,,,,,,,,,,,,,,,,,,,,,,,,,
admin,base,Grocery,simple,7,"4,10,45",gro0081,0,6598720350,THINSATIONS SHORTCAKE THIN CRISPS,,,,,,,thinsations-shortcake-thin-crisps,thinsations-shortcake-thin-crisps.html,1 column,Product Info Column,Use config,Use config,,,,CHRISTIE,,,,35.55,,,0.126,,,1,No,"Catalog, Search",Taxable Goods,COOKIES,COOKIES,,,,,,KRAFT CANADA,Content will be updated,Content will be updated,,,,,,,100,0,1,0,0,1,1,1,0,1,1,,0,1,0,1,0,1,0,1,0,0,0,1,THINSATIONS SHORTCAKE THIN CRISPS,0,simple,,,,,,,,,,,,,,,,,,,,,,,,,
admin,base,Grocery,simple,7,"4,11,49",gro0082,0,6672101008,CHEWY CHIPS AHOY!,,,,,,,chewy-chips-ahoy,chewy-chips-ahoy.html,1 column,Product Info Column,Use config,Use config,,,,CHRISTIE,,,,35.55,,,0.35,,,1,No,"Catalog, Search",Taxable Goods,COOKIES,COOKIES,,,,,,KRAFT CANADA,Content will be updated,Content will be updated,,,,,,,100,0,1,0,0,1,1,1,0,1,1,,0,1,0,1,0,1,0,1,0,0,0,1,CHEWY CHIPS AHOY!,0,simple,,,,,,,,,,,,,,,,,,,,,,,,,
admin,base,Grocery,simple,7,"4,12,44",gro0083,0,6672101053,CHUNKS AHOY! TRIPLE CHOCOLATE,,,,,,,chunks-ahoy-triple-chocolate,chunks-ahoy-triple-chocolate.html,1 column,Product Info Column,Use config,Use config,,,,CHRISTIE,,,,35.55,,,0.35,,,1,No,"Catalog, Search",Taxable Goods,COOKIES,COOKIES,,,,,,KRAFT CANADA,Content will be updated,Content will be updated,,,,,,,100,0,1,0,0,1,1,1,0,1,1,,0,1,0,1,0,1,0,1,0,0,0,1,CHUNKS AHOY! TRIPLE CHOCOLATE,0,simple,,,,,,,,,,,,,,,,,,,,,,,,,
admin,base,Grocery,simple,7,"4,10,42",gro0084,0,6672101440,TOPPABLES 3 STAYFRESH PACKS,,,,,,,toppables-3-stayfresh-packs,toppables-3-stayfresh-packs.html,1 column,Product Info Column,Use config,Use config,,,,CHRISTIE,,,,35.55,,,0.454,,,1,No,"Catalog, Search",Taxable Goods,CRACKERS,CRACKERS,,,,,,KRAFT CANADA,Content will be updated,Content will be updated,,,,,,,100,0,1,0,0,1,1,1,0,1,1,,0,1,0,1,0,1,0,1,0,0,0,1,TOPPABLES 3 STAYFRESH PACKS,0,simple,,,,,,,,,,,,,,,,,,,,,,,,,
admin,base,Grocery,simple,7,"4,11,41",gro0085,0,6672101462,RITZ BITS SANDWICHES W/REAL CHEESE,,,,,,,ritz-bits-sandwiches-w-real-cheese,ritz-bits-sandwiches-w-real-cheese.html,1 column,Product Info Column,Use config,Use config,,,,CHRISTIE,,,,35.55,,,0.2,,,1,No,"Catalog, Search",Taxable Goods,CRACKERS,CRACKERS,,,,,,KRAFT CANADA,Content will be updated,Content will be updated,,,,,,,100,0,1,0,0,1,1,1,0,1,1,,0,1,0,1,0,1,0,1,0,0,0,1,RITZ BITS SANDWICHES W/REAL CHEESE,0,simple,,,,,,,,,,,,,,,,,,,,,,,,,
admin,base,Grocery,simple,7,"4,12,48",gro0086,0,6672101463,RITZ BITS S'MORES SANDWICHES,,,,,,,ritz-bits-s-mores-sandwiches,ritz-bits-s-mores-sandwiches.html,1 column,Product Info Column,Use config,Use config,,,,CHRISTIE,,,,35.55,,,0.2,,,1,No,"Catalog, Search",Taxable Goods,CRACKERS,CRACKERS,,,,,,KRAFT CANADA,Content will be updated,Content will be updated,,,,,,,100,0,1,0,0,1,1,1,0,1,1,,0,1,0,1,0,1,0,1,0,0,0,1,RITZ BITS S'MORES SANDWICHES,0,simple,,,,,,,,,,,,,,,,,,,,,,,,,
admin,base,Grocery,simple,7,"4,10,50",gro0087,0,6672101464,RITZ BITS SANDWICHES W/REAL PEANUT BUTTER,,,,,,,ritz-bits-sandwiches-w-real-peanut-butter,ritz-bits-sandwiches-w-real-peanut-butter.html,1 column,Product Info Column,Use config,Use config,,,,CHRISTIE,,,,35.55,,,0.2,,,1,No,"Catalog, Search",Taxable Goods,CRACKERS,CRACKERS,,,,,,KRAFT CANADA,Content will be updated,Content will be updated,,,,,,,100,0,1,0,0,1,1,1,0,1,1,,0,1,0,1,0,1,0,1,0,0,0,1,RITZ BITS SANDWICHES W/REAL PEANUT BUTTER,0,simple,,,,,,,,,,,,,,,,,,,,,,,,,
admin,base,Grocery,simple,7,"4,11,45",gro0088,0,6672101568,CRISPERS NACHO,,,,,,,crispers-nacho,crispers-nacho.html,1 column,Product Info Column,Use config,Use config,,,,CHRISTIE,,,,35.55,,,0.2,,,1,No,"Catalog, Search",Taxable Goods,CRACKERS,CRACKERS,,,,,,KRAFT CANADA,Content will be updated,Content will be updated,,,,,,,100,0,1,0,0,1,1,1,0,1,1,,0,1,0,1,0,1,0,1,0,0,0,1,CRISPERS NACHO,0,simple,,,,,,,,,,,,,,,,,,,,,,,,,
admin,base,Grocery,simple,7,"4,12,49",gro0089,0,6672101623,RITZ BITS SANDWICHES SNAK PAKS W/REAL KRAFT CHEESE,,,,,,,ritz-bits-sandwiches-snak-paks-w-real-kraft-cheese,ritz-bits-sandwiches-snak-paks-w-real-kraft-cheese.html,1 column,Product Info Column,Use config,Use config,,,,CHRISTIE,,,,35.55,,,0.18,,,1,No,"Catalog, Search",Taxable Goods,CRACKERS,CRACKERS,,,,,,KRAFT CANADA,Content will be updated,Content will be updated,,,,,,,100,0,1,0,0,1,1,1,0,1,1,,0,1,0,1,0,1,0,1,0,0,0,1,RITZ BITS SANDWICHES SNAK PAKS W/REAL KRAFT CHEESE,0,simple,,,,,,,,,,,,,,,,,,,,,,,,,
admin,base,Grocery,simple,7,"4,10,44",gro0090,0,6672101632,VEGETABLE THINS 44% LESS FAT THAN ORIGINAL,,,,,,,vegetable-thins-44-less-fat-than-original,vegetable-thins-44-less-fat-than-original.html,1 column,Product Info Column,Use config,Use config,,,,CHRISTIE,,,,35.55,,,0.2,,,1,No,"Catalog, Search",Taxable Goods,CRACKERS,CRACKERS,,,,,,KRAFT CANADA,Content will be updated,Content will be updated,,,,,,,100,0,1,0,0,1,1,1,0,1,1,,0,1,0,1,0,1,0,1,0,0,0,1,VEGETABLE THINS 44% LESS FAT THAN ORIGINAL,0,simple,,,,,,,,,,,,,,,,,,,,,,,,,
admin,base,Grocery,simple,7,"4,11,42",gro0091,0,6672101652,CRISPERS DILL PICKLE,,,,,,,crispers-dill-pickle,crispers-dill-pickle.html,1 column,Product Info Column,Use config,Use config,,,,CHRISTIE,,,,35.55,,,0.2,,,1,No,"Catalog, Search",Taxable Goods,CRACKERS,CRACKERS,,,,,,KRAFT CANADA,Content will be updated,Content will be updated,,,,,,,100,0,1,0,0,1,1,1,0,1,1,,0,1,0,1,0,1,0,1,0,0,0,1,CRISPERS DILL PICKLE,0,simple,,,,,,,,,,,,,,,,,,,,,,,,,
admin,base,Grocery,simple,7,"4,12,41",gro0092,0,6672101693,CRISPERS SOUR CREAM & ONION,,,,,,,crispers-sour-cream-onion,crispers-sour-cream-onion.html,1 column,Product Info Column,Use config,Use config,,,,CHRISTIE,,,,35.55,,,0.2,,,1,No,"Catalog, Search",Taxable Goods,CRACKERS,CRACKERS,,,,,,KRAFT CANADA,Content will be updated,Content will be updated,,,,,,,100,0,1,0,0,1,1,1,0,1,1,,0,1,0,1,0,1,0,1,0,0,0,1,CRISPERS SOUR CREAM & ONION,0,simple,,,,,,,,,,,,,,,,,,,,,,,,,
admin,base,Grocery,simple,7,"4,10,48",gro0093,0,6672101694,CRISPERS ALL DRESSED,,,,,,,crispers-all-dressed,crispers-all-dressed.html,1 column,Product Info Column,Use config,Use config,,,,CHRISTIE,,,,35.55,,,0.2,,,1,No,"Catalog, Search",Taxable Goods,CRACKERS,CRACKERS,,,,,,KRAFT CANADA,Content will be updated,Content will be updated,,,,,,,100,0,1,0,0,1,1,1,0,1,1,,0,1,0,1,0,1,0,1,0,0,0,1,CRISPERS ALL DRESSED,0,simple,,,,,,,,,,,,,,,,,,,,,,,,,
admin,base,Grocery,simple,7,"4,11,50",gro0094,0,6672101695,CRISPERS BARBECUE,,,,,,,crispers-barbecue,crispers-barbecue.html,1 column,Product Info Column,Use config,Use config,,,,CHRISTIE,,,,35.55,,,0.2,,,1,No,"Catalog, Search",Taxable Goods,CRACKERS,CRACKERS,,,,,,KRAFT CANADA,Content will be updated,Content will be updated,,,,,,,100,0,1,0,0,1,1,1,0,1,1,,0,1,0,1,0,1,0,1,0,0,0,1,CRISPERS BARBECUE,0,simple,,,,,,,,,,,,,,,,,,,,,,,,,
admin,base,Grocery,simple,7,"4,12,45",gro0095,0,6672101697,CRISPERS RANCH,,,,,,,crispers-ranch,crispers-ranch.html,1 column,Product Info Column,Use config,Use config,,,,CHRISTIE,,,,35.55,,,0.2,,,1,No,"Catalog, Search",Taxable Goods,CRACKERS,CRACKERS,,,,,,KRAFT CANADA,Content will be updated,Content will be updated,,,,,,,100,0,1,0,0,1,1,1,0,1,1,,0,1,0,1,0,1,0,1,0,0,0,1,CRISPERS RANCH,0,simple,,,,,,,,,,,,,,,,,,,,,,,,,
admin,base,Grocery,simple,7,"4,10,49",gro0096,0,6672101699,CRISPERS SALT & VINEGAR,,,,,,,crispers-salt-vinegar,crispers-salt-vinegar.html,1 column,Product Info Column,Use config,Use config,,,,CHRISTIE,,,,35.55,,,0.2,,,1,No,"Catalog, Search",Taxable Goods,CRACKERS,CRACKERS,,,,,,KRAFT CANADA,Content will be updated,Content will be updated,,,,,,,100,0,1,0,0,1,1,1,0,1,1,,0,1,0,1,0,1,0,1,0,0,0,1,CRISPERS SALT & VINEGAR,0,simple,,,,,,,,,,,,,,,,,,,,,,,,,
admin,base,Grocery,simple,7,"4,11,44",gro0097,0,6672101292,WHEAT THINS,,,,,,,wheat-thins,wheat-thins.html,1 column,Product Info Column,Use config,Use config,,,,CHRISTIE,,,,35.55,,,0.25,,,1,No,"Catalog, Search",Taxable Goods,CRACKERS,CRACKERS,,,,,,KRAFT CANADA,Content will be updated,Content will be updated,,,,,,,100,0,1,0,0,1,1,1,0,1,1,,0,1,0,1,0,1,0,1,0,0,0,1,WHEAT THINS,0,simple,,,,,,,,,,,,,,,,,,,,,,,,,
admin,base,Grocery,simple,7,"4,12,42",gro0098,0,6672101337,CRACKED PEPPER,,,,,,,cracked-pepper,cracked-pepper.html,1 column,Product Info Column,Use config,Use config,,,,CHRISTIE,,,,35.55,,,0.2,,,1,No,"Catalog, Search",Taxable Goods,CRACKERS,CRACKERS,,,,,,KRAFT CANADA,Content will be updated,Content will be updated,,,,,,,100,0,1,0,0,1,1,1,0,1,1,,0,1,0,1,0,1,0,1,0,0,0,1,CRACKED PEPPER,0,simple,,,,,,,,,,,,,,,,,,,,,,,,,
admin,base,Grocery,simple,7,"4,10,41",gro0099,0,6672101370,CHEESE BITS BAKED W/100% REAL KRAFT CHEDDAR CHEESE,,,,,,,cheese-bits-baked-w-100-real-kraft-cheddar-cheese,cheese-bits-baked-w-100-real-kraft-cheddar-cheese.html,1 column,Product Info Column,Use config,Use config,,,,CHRISTIE,,,,35.55,,,0.225,,,1,No,"Catalog, Search",Taxable Goods,CRACKERS,CRACKERS,,,,,,KRAFT CANADA,Content will be updated,Content will be updated,,,,,,,100,0,1,0,0,1,1,1,0,1,1,,0,1,0,1,0,1,0,1,0,0,0,1,CHEESE BITS BAKED W/100% REAL KRAFT CHEDDAR CHEESE,0,simple,,,,,,,,,,,,,,,,,,,,,,,,,
