store,websites,attribute_set,type,category_ids,sku,has_options,upc_code,name,meta_title,meta_description,image,small_image,thumbnail,gallery,url_key,url_path,page_layout,options_container,msrp_enabled,msrp_display_actual_price_type,image_label,small_image_label,thumbnail_label,brand,bedding_pattern,priceper,averageweight,price,special_price,weight,msrp,gift_wrapping_price,status,is_recurring,visibility,tax_class_id,description,short_description,meta_keyword,custom_layout_update,blacknwhite_prcustom,blacknwhite_prtabs,blacknwhite_prrelatedcontent,manufacturer_info,cooking,freezing,special_from_date,special_to_date,news_from_date,news_to_date,custom_design_from,custom_design_to,qty,min_qty,use_config_min_qty,is_qty_decimal,backorders,use_config_backorders,min_sale_qty,use_config_min_sale_qty,max_sale_qty,use_config_max_sale_qty,is_in_stock,low_stock_date,notify_stock_qty,use_config_notify_stock_qty,manage_stock,use_config_manage_stock,stock_status_changed_auto,use_config_qty_increments,qty_increments,use_config_enable_qty_inc,enable_qty_increments,is_decimal_divided,stock_status_changed_automatically,use_config_enable_qty_increments,product_name,store_id,product_type_id,product_status_changed,product_changed_websites,country_of_manufacture,custom_design,gift_wrapping_available,gift_message_available,color,homeware_style,material,bed_bath_type,decor_type,home_decor_type,blacknwhite_prsku,blacknwhite_prlayout,blacknwhite_prprevnext,blacknwhite_prmoreviews,blacknwhite_prrelated,blacknwhite_relatedpos,blacknwhite_prcolleteral,blacknwhite_productimg,blacknwhite_prbrand,blacknwhite_prbrandlink,blacknwhite_prbrandtarget,blacknwhite_prbrandpos,blacknwhite_prsidebar
admin,base,Grocery,simple,"4,10,41",gro0001,0,6618800870,100% PURE,,,,,,,,,1 column,Product Info Column,Use config,Use config,,,,BAKER'S,,,,35.55,,0.17,,,Enabled,No,"Catalog, Search",Taxable Goods,BITTERSWEET CHOCOLATE SQUARES,BITTERSWEET CHOCOLATE SQUARES,,,,,,KRAFT CANADA,Content will be updated,Content will be updated,,,,,,,100,0,1,0,0,1,1,1,0,1,1,,0,1,0,1,0,1,0,1,0,0,0,1,100% PURE,0,simple,,,,,,,,,,,,,,,,,,,,,,,,,
admin,base,Grocery,simple,"4,11,48",gro0002,0,6618800780,100% PURE,,,,,,,,,1 column,Product Info Column,Use config,Use config,,,,BAKER'S,,,,35.55,,0.3,,,Enabled,No,"Catalog, Search",Taxable Goods,MILK CHOCOLATE CHIPS,MILK CHOCOLATE CHIPS,,,,,,KRAFT CANADA,Content will be updated,Content will be updated,,,,,,,100,0,1,0,0,1,1,1,0,1,1,,0,1,0,1,0,1,0,1,0,0,0,1,100% PURE,0,simple,,,,,,,,,,,,,,,,,,,,,,,,,
admin,base,Grocery,simple,"4,12,50",gro0003,0,6618800940,100% PURE,,,,,,,,,1 column,Product Info Column,Use config,Use config,,,,BAKER'S,,,,35.55,,0.3,,,Enabled,No,"Catalog, Search",Taxable Goods,SEMI-SWEET CHOCOLATE CHIPS,SEMI-SWEET CHOCOLATE CHIPS,,,,,,KRAFT CANADA,Content will be updated,Content will be updated,,,,,,,100,0,1,0,0,1,1,1,0,1,1,,0,1,0,1,0,1,0,1,0,0,0,1,100% PURE,0,simple,,,,,,,,,,,,,,,,,,,,,,,,,
admin,base,Grocery,simple,"4,10,45",gro0004,0,6618800800,100% PURE,,,,,,,,,1 column,Product Info Column,Use config,Use config,,,,BAKER'S,,,,35.55,,0.225,,,Enabled,No,"Catalog, Search",Taxable Goods,SEMI-SWEET CHOCOLATE SQUARES,SEMI-SWEET CHOCOLATE SQUARES,,,,,,KRAFT CANADA,Content will be updated,Content will be updated,,,,,,,100,0,1,0,0,1,1,1,0,1,1,,0,1,0,1,0,1,0,1,0,0,0,1,100% PURE,0,simple,,,,,,,,,,,,,,,,,,,,,,,,,
admin,base,Grocery,simple,"4,11,49",gro0005,0,6618800790,100% PURE INDIVIDUALLY WRAPED,,,,,,,,,1 column,Product Info Column,Use config,Use config,,,,BAKER'S,,,,35.55,,0.225,,,Enabled,No,"Catalog, Search",Taxable Goods,SWEET CHOCOLATE SQUARES ,SWEET CHOCOLATE SQUARES ,,,,,,KRAFT CANADA,Content will be updated,Content will be updated,,,,,,,100,0,1,0,0,1,1,1,0,1,1,,0,1,0,1,0,1,0,1,0,0,0,1,100% PURE INDIVIDUALLY WRAPED,0,simple,,,,,,,,,,,,,,,,,,,,,,,,,
admin,base,Grocery,simple,"4,12,44",gro0006,0,6618800840,100% PURE,,,,,,,,,1 column,Product Info Column,Use config,Use config,,,,BAKER'S,,,,35.55,,0.225,,,Enabled,No,"Catalog, Search",Taxable Goods,UNSWEETENED CHOCOLATE SQUARES,UNSWEETENED CHOCOLATE SQUARES,,,,,,KRAFT CANADA,Content will be updated,Content will be updated,,,,,,,100,0,1,0,0,1,1,1,0,1,1,,0,1,0,1,0,1,0,1,0,0,0,1,100% PURE,0,simple,,,,,,,,,,,,,,,,,,,,,,,,,
admin,base,Grocery,simple,"4,10,42",gro0007,0,6618800860,100% PURE,,,,,,,,,1 column,Product Info Column,Use config,Use config,,,,BARNUM'S,,,,35.55,,0.17,,,Enabled,No,"Catalog, Search",Taxable Goods,WHITE CHOCOLATE SQUARES,WHITE CHOCOLATE SQUARES,,,,,,KRAFT CANADA,Content will be updated,Content will be updated,,,,,,,100,0,1,0,0,1,1,1,0,1,1,,0,1,0,1,0,1,0,1,0,0,0,1,100% PURE,0,simple,,,,,,,,,,,,,,,,,,,,,,,,,
admin,base,Grocery,simple,"4,11,41",gro0008,0,6672101134,ARROWROOT DINO-BITES ANIMAL CRACKERS,,,,,,,,,1 column,Product Info Column,Use config,Use config,,,,BARNUM'S,,,,35.55,,0.225,,,Enabled,No,"Catalog, Search",Taxable Goods,BISCUITS,BISCUITS,,,,,,KRAFT CANADA,Content will be updated,Content will be updated,,,,,,,100,0,1,0,0,1,1,1,0,1,1,,0,1,0,1,0,1,0,1,0,0,0,1,ARROWROOT DINO-BITES ANIMAL CRACKERS,0,simple,,,,,,,,,,,,,,,,,,,,,,,,,
admin,base,Grocery,simple,"4,12,48",gro0009,0,6672101160,ARROWROOT ANIMAL CRACKERS GO WILD!,,,,,,,,,1 column,Product Info Column,Use config,Use config,,,,BIRD'S,,,,35.55,,0.225,,,Enabled,No,"Catalog, Search",Taxable Goods,BISCUITS,BISCUITS,,,,,,KRAFT CANADA,Content will be updated,Content will be updated,,,,,,,100,0,1,0,0,1,1,1,0,1,1,,0,1,0,1,0,1,0,1,0,0,0,1,ARROWROOT ANIMAL CRACKERS GO WILD!,0,simple,,,,,,,,,,,,,,,,,,,,,,,,,
admin,base,Grocery,simple,"4,10,50",gro0010,0,6618800570,ORIGINAL FLAVOUR,,,,,,,,,1 column,Product Info Column,Use config,Use config,,,,BULL'S-EYE,,,,35.55,,0.34,,,Enabled,No,"Catalog, Search",Taxable Goods,CUSTARD POWDER,CUSTARD POWDER,,,,,,KRAFT CANADA,Content will be updated,Content will be updated,,,,,,,100,0,1,0,0,1,1,1,0,1,1,,0,1,0,1,0,1,0,1,0,0,0,1,ORIGINAL FLAVOUR,0,simple,,,,,,,,,,,,,,,,,,,,,,,,,
admin,base,Grocery,simple,"4,11,45",gro0011,0,6810007959,HONEY GARLIC,,,,,,,,,1 column,Product Info Column,Use config,Use config,,,,BULL'S-EYE,,,,35.55,,0.425,,,Enabled,No,"Catalog, Search",Taxable Goods,BARBECUE SAUCE,BARBECUE SAUCE,,,,,,KRAFT CANADA,Content will be updated,Content will be updated,,,,,,,100,0,1,0,0,1,1,1,0,1,1,,0,1,0,1,0,1,0,1,0,0,0,1,HONEY GARLIC,0,simple,,,,,,,,,,,,,,,,,,,,,,,,,
admin,base,Grocery,simple,"4,12,49",gro0012,0,6810007964,HOT SOUTHERN CAJUN,,,,,,,,,1 column,Product Info Column,Use config,Use config,,,,BULL'S-EYE,,,,35.55,,0.425,,,Enabled,No,"Catalog, Search",Taxable Goods,BARBECUE SAUCE,BARBECUE SAUCE,,,,,,KRAFT CANADA,Content will be updated,Content will be updated,,,,,,,100,0,1,0,0,1,1,1,0,1,1,,0,1,0,1,0,1,0,1,0,0,0,1,HOT SOUTHERN CAJUN,0,simple,,,,,,,,,,,,,,,,,,,,,,,,,
admin,base,Grocery,simple,"5,14,44",gro0013,0,6810007966,ORIGINAL,,,,,,,,,1 column,Product Info Column,Use config,Use config,,,,BULL'S-EYE,,,,35.55,,0.425,,,Enabled,No,"Catalog, Search",Taxable Goods,BARBECUE SAUCE,BARBECUE SAUCE,,,,,,KRAFT CANADA,Content will be updated,Content will be updated,,,,,,,100,0,1,0,0,1,1,1,0,1,1,,0,1,0,1,0,1,0,1,0,0,0,1,ORIGINAL,0,simple,,,,,,,,,,,,,,,,,,,,,,,,,
admin,base,Grocery,simple,"4,10,42",gro0014,0,6810007968,HICKORY SMOKE,,,,,,,,,1 column,Product Info Column,Use config,Use config,,,,BULL'S-EYE,,,,35.55,,0.425,,,Enabled,No,"Catalog, Search",Taxable Goods,BARBECUE SAUCE,BARBECUE SAUCE,,,,,,KRAFT CANADA,Content will be updated,Content will be updated,,,,,,,100,0,1,0,0,1,1,1,0,1,1,,0,1,0,1,0,1,0,1,0,0,0,1,HICKORY SMOKE,0,simple,,,,,,,,,,,,,,,,,,,,,,,,,
admin,base,Grocery,simple,"4,11,41",gro0015,0,6810007969,GRILLED ONION & GARLIC,,,,,,,,,1 column,Product Info Column,Use config,Use config,,,,BULL'S-EYE,,,,35.55,,0.425,,,Enabled,No,"Catalog, Search",Taxable Goods,BARBECUE SAUCE,BARBECUE SAUCE,,,,,,KRAFT CANADA,Content will be updated,Content will be updated,,,,,,,100,0,1,0,0,1,1,1,0,1,1,,0,1,0,1,0,1,0,1,0,0,0,1,GRILLED ONION & GARLIC,0,simple,,,,,,,,,,,,,,,,,,,,,,,,,
admin,base,Grocery,simple,"4,12,48",gro0016,0,6810008010,CHIPOTLE,,,,,,,,,1 column,Product Info Column,Use config,Use config,,,,BULL'S-EYE,,,,35.55,,0.425,,,Enabled,No,"Catalog, Search",Taxable Goods,BARBECUE SAUCE,BARBECUE SAUCE,,,,,,KRAFT CANADA,Content will be updated,Content will be updated,,,,,,,100,0,1,0,0,1,1,1,0,1,1,,0,1,0,1,0,1,0,1,0,0,0,1,CHIPOTLE,0,simple,,,,,,,,,,,,,,,,,,,,,,,,,
admin,base,Grocery,simple,"4,10,50",gro0017,0,6810008011,STEAKHOUSE STYLE,,,,,,,,,1 column,Product Info Column,Use config,Use config,,,,BULL'S-EYE,,,,35.55,,0.425,,,Enabled,No,"Catalog, Search",Taxable Goods,BARBECUE SAUCE,BARBECUE SAUCE,,,,,,KRAFT CANADA,Content will be updated,Content will be updated,,,,,,,100,0,1,0,0,1,1,1,0,1,1,,0,1,0,1,0,1,0,1,0,0,0,1,STEAKHOUSE STYLE,0,simple,,,,,,,,,,,,,,,,,,,,,,,,,
admin,base,Grocery,simple,"5,16,45",gro0018,0,6810008012,SWEET & STICKY,,,,,,,,,1 column,Product Info Column,Use config,Use config,,,,CERTO,,,,35.55,,0.425,,,Enabled,No,"Catalog, Search",Taxable Goods,BARBECUE SAUCE,BARBECUE SAUCE,,,,,,KRAFT CANADA,Content will be updated,Content will be updated,,,,,,,100,0,1,0,0,1,1,1,0,1,1,,0,1,0,1,0,1,0,1,0,0,0,1,SWEET & STICKY,0,simple,,,,,,,,,,,,,,,,,,,,,,,,,
admin,base,Grocery,simple,"4,12,49",gro0019,0,6618802970,FOR HOMEMADE JAMS & JELLIES 2 POUCHES,,,,,,,,,1 column,Product Info Column,Use config,Use config,,,,CERTO,,,,35.55,,0.17,,,Enabled,No,"Catalog, Search",Taxable Goods,LIQUID PECTIN,LIQUID PECTIN,,,,,,KRAFT CANADA,Content will be updated,Content will be updated,,,,,,,100,0,1,0,0,1,1,1,0,1,1,,0,1,0,1,0,1,0,1,0,0,0,1,FOR HOMEMADE JAMS & JELLIES 2 POUCHES,0,simple,,,,,,,,,,,,,,,,,,,,,,,,,
admin,base,Grocery,simple,"4,10,44",gro0020,0,6618802980,LIGHT FOR HOMEMADE JAMS & JELLIES,,,,,,,,,1 column,Product Info Column,Use config,Use config,,,,CERTO,,,,35.55,,0.049,,,Enabled,No,"Catalog, Search",Taxable Goods,PECTIN CRYSTALS,PECTIN CRYSTALS,,,,,,KRAFT CANADA,Content will be updated,Content will be updated,,,,,,,100,0,1,0,0,1,1,1,0,1,1,,0,1,0,1,0,1,0,1,0,0,0,1,LIGHT FOR HOMEMADE JAMS & JELLIES,0,simple,,,,,,,,,,,,,,,,,,,,,,,,,
admin,base,Grocery,simple,"4,11,42",gro0021,0,6618802990,FOR HOMEMADE JAMS & JELLIES,,,,,,,,,1 column,Product Info Column,Use config,Use config,,,,CHEEZ WHIZ,,,,35.55,,0.057,,,Enabled,No,"Catalog, Search",Taxable Goods,PECTIN CRYSTALS,PECTIN CRYSTALS,,,,,,KRAFT CANADA,Content will be updated,Content will be updated,,,,,,,100,0,1,0,0,1,1,1,0,1,1,,0,1,0,1,0,1,0,1,0,0,0,1,FOR HOMEMADE JAMS & JELLIES,0,simple,,,,,,,,,,,,,,,,,,,,,,,,,
admin,base,Grocery,simple,"4,12,41",gro0022,0,6810001020,ORIGINAL,,,,,,,,,1 column,Product Info Column,Use config,Use config,,,,CHEEZ WHIZ,,,,35.55,,0.25,,,Enabled,No,"Catalog, Search",Taxable Goods,CHEESE,CHEESE,,,,,,KRAFT CANADA,Content will be updated,Content will be updated,,,,,,,100,0,1,0,0,1,1,1,0,1,1,,0,1,0,1,0,1,0,1,0,0,0,1,ORIGINAL,0,simple,,,,,,,,,,,,,,,,,,,,,,,,,
admin,base,Grocery,simple,"5,17,48",gro0023,0,6810001022,ORIGINAL,,,,,,,,,1 column,Product Info Column,Use config,Use config,,,,CHEEZ WHIZ,,,,35.55,,0.5,,,Enabled,No,"Catalog, Search",Taxable Goods,CHEESE,CHEESE,,,,,,KRAFT CANADA,Content will be updated,Content will be updated,,,,,,,100,0,1,0,0,1,1,1,0,1,1,,0,1,0,1,0,1,0,1,0,0,0,1,ORIGINAL,0,simple,,,,,,,,,,,,,,,,,,,,,,,,,
admin,base,Grocery,simple,"4,10,50",gro0024,0,6810001024,ORIGINAL,,,,,,,,,1 column,Product Info Column,Use config,Use config,,,,CHEEZ WHIZ,,,,35.55,,1,,,Enabled,No,"Catalog, Search",Taxable Goods,CHEESE,CHEESE,,,,,,KRAFT CANADA,Content will be updated,Content will be updated,,,,,,,100,0,1,0,0,1,1,1,0,1,1,,0,1,0,1,0,1,0,1,0,0,0,1,ORIGINAL,0,simple,,,,,,,,,,,,,,,,,,,,,,,,,
admin,base,Grocery,simple,"4,11,45",gro0025,0,6810001025,ORIGINAL LIGHT,,,,,,,,,1 column,Product Info Column,Use config,Use config,,,,CHEEZ WHIZ,,,,35.55,,0.25,,,Enabled,No,"Catalog, Search",Taxable Goods,CHEESE,CHEESE,,,,,,KRAFT CANADA,Content will be updated,Content will be updated,,,,,,,100,0,1,0,0,1,1,1,0,1,1,,0,1,0,1,0,1,0,1,0,0,0,1,ORIGINAL LIGHT,0,simple,,,,,,,,,,,,,,,,,,,,,,,,,
admin,base,Grocery,simple,"4,12,49",gro0026,0,6810001026,ORIGINAL LIGHT,,,,,,,,,1 column,Product Info Column,Use config,Use config,,,,CHEEZ WHIZ,,,,35.55,,0.5,,,Enabled,No,"Catalog, Search",Taxable Goods,CHEESE,CHEESE,,,,,,KRAFT CANADA,Content will be updated,Content will be updated,,,,,,,100,0,1,0,0,1,1,1,0,1,1,,0,1,0,1,0,1,0,1,0,0,0,1,ORIGINAL LIGHT,0,simple,,,,,,,,,,,,,,,,,,,,,,,,,
admin,base,Grocery,simple,"4,10,44",gro0027,0,6810001027,ORIGINAL LIGHT,,,,,,,,,1 column,Product Info Column,Use config,Use config,,,,CHEEZ WHIZ,,,,35.55,,1,,,Enabled,No,"Catalog, Search",Taxable Goods,CHEESE,CHEESE,,,,,,KRAFT CANADA,Content will be updated,Content will be updated,,,,,,,100,0,1,0,0,1,1,1,0,1,1,,0,1,0,1,0,1,0,1,0,0,0,1,ORIGINAL LIGHT,0,simple,,,,,,,,,,,,,,,,,,,,,,,,,
admin,base,Grocery,simple,"4,11,42",gro0028,0,6810001029,TEX MEX,,,,,,,,,1 column,Product Info Column,Use config,Use config,,,,CHRISTIE,,,,35.55,,0.5,,,Enabled,No,"Catalog, Search",Taxable Goods,CHEESE,CHEESE,,,,,,KRAFT CANADA,Content will be updated,Content will be updated,,,,,,,100,0,1,0,0,1,1,1,0,1,1,,0,1,0,1,0,1,0,1,0,0,0,1,TEX MEX,0,simple,,,,,,,,,,,,,,,,,,,,,,,,,
admin,base,Grocery,simple,"4,12,41",gro0029,0,6672101717,TRISCUIT THIN CRISPS ORIGINAL,,,,,,,,,1 column,Product Info Column,Use config,Use config,,,,CHRISTIE,,,,35.55,,0.225,,,Enabled,No,"Catalog, Search",Taxable Goods,CRACKERS,CRACKERS,,,,,,KRAFT CANADA,Content will be updated,Content will be updated,,,,,,,100,0,1,0,0,1,1,1,0,1,1,,0,1,0,1,0,1,0,1,0,0,0,1,TRISCUIT THIN CRISPS ORIGINAL,0,simple,,,,,,,,,,,,,,,,,,,,,,,,,
admin,base,Grocery,simple,"4,10,48",gro0030,0,6672102040,TRISCUIT ORIGINAL,,,,,,,,,1 column,Product Info Column,Use config,Use config,,,,CHRISTIE,,,,35.55,,0.4,,,Enabled,No,"Catalog, Search",Taxable Goods,CRACKERS,CRACKERS,,,,,,KRAFT CANADA,Content will be updated,Content will be updated,,,,,,,100,0,1,0,0,1,1,1,0,1,1,,0,1,0,1,0,1,0,1,0,0,0,1,TRISCUIT ORIGINAL,0,simple,,,,,,,,,,,,,,,,,,,,,,,,,
admin,base,Grocery,simple,"4,11,50",gro0031,0,6672102038,TRISCUIT RYE WITH CARAWAY SEEDS,,,,,,,,,1 column,Product Info Column,Use config,Use config,,,,CHRISTIE,,,,35.55,,0.225,,,Enabled,No,"Catalog, Search",Taxable Goods,CRACKERS,CRACKERS,,,,,,KRAFT CANADA,Content will be updated,Content will be updated,,,,,,,100,0,1,0,0,1,1,1,0,1,1,,0,1,0,1,0,1,0,1,0,0,0,1,TRISCUIT RYE WITH CARAWAY SEEDS,0,simple,,,,,,,,,,,,,,,,,,,,,,,,,
admin,base,Grocery,simple,"4,12,45",gro0032,0,6672102034,TRISCUIT 61% LESS SODIUM,,,,,,,,,1 column,Product Info Column,Use config,Use config,,,,CHRISTIE,,,,35.55,,0.225,,,Enabled,No,"Catalog, Search",Taxable Goods,CRACKERS,CRACKERS,,,,,,KRAFT CANADA,Content will be updated,Content will be updated,,,,,,,100,0,1,0,0,1,1,1,0,1,1,,0,1,0,1,0,1,0,1,0,0,0,1,TRISCUIT 61% LESS SODIUM,0,simple,,,,,,,,,,,,,,,,,,,,,,,,,
admin,base,Grocery,simple,"4,10,49",gro0033,0,6672102014,TRISCUIT THIN CRISPS PARMESAN GARLIC,,,,,,,,,1 column,Product Info Column,Use config,Use config,,,,CHRISTIE,,,,35.55,,0.225,,,Enabled,No,"Catalog, Search",Taxable Goods,CRACKERS,CRACKERS,,,,,,KRAFT CANADA,Content will be updated,Content will be updated,,,,,,,100,0,1,0,0,1,1,1,0,1,1,,0,1,0,1,0,1,0,1,0,0,0,1,TRISCUIT THIN CRISPS PARMESAN GARLIC,0,simple,,,,,,,,,,,,,,,,,,,,,,,,,
admin,base,Grocery,simple,"4,11,44",gro0034,0,6672102035,TRISCUIT CRACKED PEPPER & OLIVE OIL,,,,,,,,,1 column,Product Info Column,Use config,Use config,,,,CHRISTIE,,,,35.55,,0.225,,,Enabled,No,"Catalog, Search",Taxable Goods,CRACKERS,CRACKERS,,,,,,KRAFT CANADA,Content will be updated,Content will be updated,,,,,,,100,0,1,0,0,1,1,1,0,1,1,,0,1,0,1,0,1,0,1,0,0,0,1,TRISCUIT CRACKED PEPPER & OLIVE OIL,0,simple,,,,,,,,,,,,,,,,,,,,,,,,,
admin,base,Grocery,simple,"4,12,42",gro0035,0,6672102037,TRISCUIT ROSEMARY & OLIVE OIL,,,,,,,,,1 column,Product Info Column,Use config,Use config,,,,CHRISTIE,,,,35.55,,0.225,,,Enabled,No,"Catalog, Search",Taxable Goods,CRACKERS,CRACKERS,,,,,,KRAFT CANADA,Content will be updated,Content will be updated,,,,,,,100,0,1,0,0,1,1,1,0,1,1,,0,1,0,1,0,1,0,1,0,0,0,1,TRISCUIT ROSEMARY & OLIVE OIL,0,simple,,,,,,,,,,,,,,,,,,,,,,,,,
admin,base,Grocery,simple,"4,10,41",gro0036,0,6672102081,RITZ BITS SANDWICHES SOCCER,,,,,,,,,1 column,Product Info Column,Use config,Use config,,,,CHRISTIE,,,,35.55,,0.195,,,Enabled,No,"Catalog, Search",Taxable Goods,CRACKERS,CRACKERS,,,,,,KRAFT CANADA,Content will be updated,Content will be updated,,,,,,,100,0,1,0,0,1,1,1,0,1,1,,0,1,0,1,0,1,0,1,0,0,0,1,RITZ BITS SANDWICHES SOCCER,0,simple,,,,,,,,,,,,,,,,,,,,,,,,,
admin,base,Grocery,simple,"4,11,48",gro0037,0,6672102023,RITZ 61% LESS SODIUM,,,,,,,,,1 column,Product Info Column,Use config,Use config,,,,CHRISTIE,,,,35.55,,0.225,,,Enabled,No,"Catalog, Search",Taxable Goods,CRACKERS,CRACKERS,,,,,,KRAFT CANADA,Content will be updated,Content will be updated,,,,,,,100,0,1,0,0,1,1,1,0,1,1,,0,1,0,1,0,1,0,1,0,0,0,1,RITZ 61% LESS SODIUM,0,simple,,,,,,,,,,,,,,,,,,,,,,,,,
admin,base,Grocery,simple,"4,12,50",gro0038,0,6672101559,OREO GOLDEN VANILLA,,,,,,,,,1 column,Product Info Column,Use config,Use config,,,,CHRISTIE,,,,35.55,,0.35,,,Enabled,No,"Catalog, Search",Taxable Goods,COOKIES,COOKIES,,,,,,KRAFT CANADA,Content will be updated,Content will be updated,,,,,,,100,0,1,0,0,1,1,1,0,1,1,,0,1,0,1,0,1,0,1,0,0,0,1,OREO GOLDEN VANILLA,0,simple,,,,,,,,,,,,,,,,,,,,,,,,,
admin,base,Grocery,simple,"4,10,45",gro0039,0,6672101528,OREO CHOCOLATE 30% LESS FAT,,,,,,,,,1 column,Product Info Column,Use config,Use config,,,,CHRISTIE,,,,35.55,,0.35,,,Enabled,No,"Catalog, Search",Taxable Goods,COOKIES,COOKIES,,,,,,KRAFT CANADA,Content will be updated,Content will be updated,,,,,,,100,0,1,0,0,1,1,1,0,1,1,,0,1,0,1,0,1,0,1,0,0,0,1,OREO CHOCOLATE 30% LESS FAT,0,simple,,,,,,,,,,,,,,,,,,,,,,,,,
admin,base,Grocery,simple,"4,11,49",gro0040,0,6672101898,OREO GOLDEN VANILLA,,,,,,,,,1 column,Product Info Column,Use config,Use config,,,,CHRISTIE,,,,35.55,,0.55,,,Enabled,No,"Catalog, Search",Taxable Goods,COOKIES,COOKIES,,,,,,KRAFT CANADA,Content will be updated,Content will be updated,,,,,,,100,0,1,0,0,1,1,1,0,1,1,,0,1,0,1,0,1,0,1,0,0,0,1,OREO GOLDEN VANILLA,0,simple,,,,,,,,,,,,,,,,,,,,,,,,,
admin,base,Grocery,simple,"4,12,44",gro0041,0,6672101837,OREO CHOCOLATE,,,,,,,,,1 column,Product Info Column,Use config,Use config,,,,CHRISTIE,,,,35.55,,1.1,,,Enabled,No,"Catalog, Search",Taxable Goods,COOKIES,COOKIES,,,,,,KRAFT CANADA,Content will be updated,Content will be updated,,,,,,,100,0,1,0,0,1,1,1,0,1,1,,0,1,0,1,0,1,0,1,0,0,0,1,OREO CHOCOLATE,0,simple,,,,,,,,,,,,,,,,,,,,,,,,,
admin,base,Grocery,simple,"4,10,42",gro0042,0,6672101874,PREMIUM PLUS WHOLE WHEAT,,,,,,,,,1 column,Product Info Column,Use config,Use config,,,,CHRISTIE,,,,35.55,,0.5,,,Enabled,No,"Catalog, Search",Taxable Goods,CRACKERS,CRACKERS,,,,,,KRAFT CANADA,Content will be updated,Content will be updated,,,,,,,100,0,1,0,0,1,1,1,0,1,1,,0,1,0,1,0,1,0,1,0,0,0,1,PREMIUM PLUS WHOLE WHEAT,0,simple,,,,,,,,,,,,,,,,,,,,,,,,,
admin,base,Grocery,simple,"4,11,41",gro0043,0,6672101529,FUDGEE-O THE ORIGINAL,,,,,,,,,1 column,Product Info Column,Use config,Use config,,,,CHRISTIE,,,,35.55,,0.35,,,Enabled,No,"Catalog, Search",Taxable Goods,COOKIES,COOKIES,,,,,,KRAFT CANADA,Content will be updated,Content will be updated,,,,,,,100,0,1,0,0,1,1,1,0,1,1,,0,1,0,1,0,1,0,1,0,0,0,1,FUDGEE-O THE ORIGINAL,0,simple,,,,,,,,,,,,,,,,,,,,,,,,,
admin,base,Grocery,simple,"4,12,48",gro0044,0,6672101767,CHIPS AHOY!,,,,,,,,,1 column,Product Info Column,Use config,Use config,,,,CHRISTIE,,,,35.55,,1,,,Enabled,No,"Catalog, Search",Taxable Goods,COOKIES,COOKIES,,,,,,KRAFT CANADA,Content will be updated,Content will be updated,,,,,,,100,0,1,0,0,1,1,1,0,1,1,,0,1,0,1,0,1,0,1,0,0,0,1,CHIPS AHOY!,0,simple,,,,,,,,,,,,,,,,,,,,,,,,,
admin,base,Grocery,simple,"4,10,50",gro0045,0,6672101409,RITZ VEGGIE,,,,,,,,,1 column,Product Info Column,Use config,Use config,,,,CHRISTIE,,,,35.55,,0.225,,,Enabled,No,"Catalog, Search",Taxable Goods,CHIPS,CHIPS,,,,,,KRAFT CANADA,Content will be updated,Content will be updated,,,,,,,100,0,1,0,0,1,1,1,0,1,1,,0,1,0,1,0,1,0,1,0,0,0,1,RITZ VEGGIE,0,simple,,,,,,,,,,,,,,,,,,,,,,,,,
admin,base,Grocery,simple,"4,11,45",gro0046,0,6672101913,NEWTONS DATE,,,,,,,,,1 column,Product Info Column,Use config,Use config,,,,CHRISTIE,,,,35.55,,0.325,,,Enabled,No,"Catalog, Search",Taxable Goods,COOKIES,COOKIES,,,,,,KRAFT CANADA,Content will be updated,Content will be updated,,,,,,,100,0,1,0,0,1,1,1,0,1,1,,0,1,0,1,0,1,0,1,0,0,0,1,NEWTONS DATE,0,simple,,,,,,,,,,,,,,,,,,,,,,,,,
admin,base,Grocery,simple,"4,12,49",gro0047,0,6672101998,OREO 44TERS GOLDEN 6 X 2 PACKAGES,,,,,,,,,1 column,Product Info Column,Use config,Use config,,,,CHRISTIE,,,,35.55,,0.3,,,Enabled,No,"Catalog, Search",Taxable Goods,OREO 44TERS,OREO 44TERS,,,,,,KRAFT CANADA,Content will be updated,Content will be updated,,,,,,,100,0,1,0,0,1,1,1,0,1,1,,0,1,0,1,0,1,0,1,0,0,0,1,OREO 44TERS GOLDEN 6 X 2 PACKAGES,0,simple,,,,,,,,,,,,,,,,,,,,,,,,,
admin,base,Grocery,simple,"4,10,44",gro0048,0,6672101088,CHIPS AHOY!,,,,,,,,,1 column,Product Info Column,Use config,Use config,,,,CHRISTIE,,,,35.55,,0.55,,,Enabled,No,"Catalog, Search",Taxable Goods,COOKIES,COOKIES,,,,,,KRAFT CANADA,Content will be updated,Content will be updated,,,,,,,100,0,1,0,0,1,1,1,0,1,1,,0,1,0,1,0,1,0,1,0,0,0,1,CHIPS AHOY!,0,simple,,,,,,,,,,,,,,,,,,,,,,,,,
admin,base,Grocery,simple,"4,11,42",gro0049,0,6672101368,RITZ CHEDDAR,,,,,,,,,1 column,Product Info Column,Use config,Use config,,,,CHRISTIE,,,,35.55,,0.225,,,Enabled,No,"Catalog, Search",Taxable Goods,CHIPS,CHIPS,,,,,,KRAFT CANADA,Content will be updated,Content will be updated,,,,,,,100,0,1,0,0,1,1,1,0,1,1,,0,1,0,1,0,1,0,1,0,0,0,1,RITZ CHEDDAR,0,simple,,,,,,,,,,,,,,,,,,,,,,,,,
admin,base,Grocery,simple,"4,12,41",gro0050,0,6672101406,RITZ SOUR CREAM & ONION,,,,,,,,,1 column,Product Info Column,Use config,Use config,,,,CHRISTIE,,,,35.55,,0.225,,,Enabled,No,"Catalog, Search",Taxable Goods,CHIPS,CHIPS,,,,,,KRAFT CANADA,Content will be updated,Content will be updated,,,,,,,100,0,1,0,0,1,1,1,0,1,1,,0,1,0,1,0,1,0,1,0,0,0,1,RITZ SOUR CREAM & ONION,0,simple,,,,,,,,,,,,,,,,,,,,,,,,,
admin,base,Grocery,simple,"4,10,48",gro0051,0,6672101278,PREMIUM PLUS SALTED TOPS,,,,,,,,,1 column,Product Info Column,Use config,Use config,,,,CHRISTIE,,,,35.55,,0.45,,,Enabled,No,"Catalog, Search",Taxable Goods,CRACKERS,CRACKERS,,,,,,KRAFT CANADA,Content will be updated,Content will be updated,,,,,,,100,0,1,0,0,1,1,1,0,1,1,,0,1,0,1,0,1,0,1,0,0,0,1,PREMIUM PLUS SALTED TOPS,0,simple,,,,,,,,,,,,,,,,,,,,,,,,,
admin,base,Grocery,simple,"4,11,50",gro0052,0,6672101386,PREMIUM PLUS UNSALTED TOPS,,,,,,,,,1 column,Product Info Column,Use config,Use config,,,,CHRISTIE,,,,35.55,,0.225,,,Enabled,No,"Catalog, Search",Taxable Goods,CRACKERS,CRACKERS,,,,,,KRAFT CANADA,Content will be updated,Content will be updated,,,,,,,100,0,1,0,0,1,1,1,0,1,1,,0,1,0,1,0,1,0,1,0,0,0,1,PREMIUM PLUS UNSALTED TOPS,0,simple,,,,,,,,,,,,,,,,,,,,,,,,,
admin,base,Grocery,simple,"4,12,45",gro0053,0,6672101385,PREMIUM PLUS SALTED TOPS,,,,,,,,,1 column,Product Info Column,Use config,Use config,,,,CHRISTIE,,,,35.55,,0.225,,,Enabled,No,"Catalog, Search",Taxable Goods,CRACKERS,CRACKERS,,,,,,KRAFT CANADA,Content will be updated,Content will be updated,,,,,,,100,0,1,0,0,1,1,1,0,1,1,,0,1,0,1,0,1,0,1,0,0,0,1,PREMIUM PLUS SALTED TOPS,0,simple,,,,,,,,,,,,,,,,,,,,,,,,,
admin,base,Grocery,simple,"4,10,49",gro0054,0,6672101348,OREO DOUBLE STUF CHOCOLATE,,,,,,,,,1 column,Product Info Column,Use config,Use config,,,,CHRISTIE,,,,35.55,,0.35,,,Enabled,No,"Catalog, Search",Taxable Goods,COOKIES,COOKIES,,,,,,KRAFT CANADA,Content will be updated,Content will be updated,,,,,,,100,0,1,0,0,1,1,1,0,1,1,,0,1,0,1,0,1,0,1,0,0,0,1,OREO DOUBLE STUF CHOCOLATE,0,simple,,,,,,,,,,,,,,,,,,,,,,,,,
admin,base,Grocery,simple,"4,11,44",gro0055,0,6672101239,OREO CHOCOLATE,,,,,,,,,1 column,Product Info Column,Use config,Use config,,,,CHRISTIE,,,,35.55,,0.35,,,Enabled,No,"Catalog, Search",Taxable Goods,COOKIES,COOKIES,,,,,,KRAFT CANADA,Content will be updated,Content will be updated,,,,,,,100,0,1,0,0,1,1,1,0,1,1,,0,1,0,1,0,1,0,1,0,0,0,1,OREO CHOCOLATE,0,simple,,,,,,,,,,,,,,,,,,,,,,,,,
admin,base,Grocery,simple,"4,12,42",gro0056,0,6672101181,FUGEE-O DOUBLE STUF,,,,,,,,,1 column,Product Info Column,Use config,Use config,,,,CHRISTIE,,,,35.55,,0.35,,,Enabled,No,"Catalog, Search",Taxable Goods,COOKIES,COOKIES,,,,,,KRAFT CANADA,Content will be updated,Content will be updated,,,,,,,100,0,1,0,0,1,1,1,0,1,1,,0,1,0,1,0,1,0,1,0,0,0,1,FUGEE-O DOUBLE STUF,0,simple,,,,,,,,,,,,,,,,,,,,,,,,,
admin,base,Grocery,simple,"4,10,41",gro0057,0,6672101109,FUGEE-O ORIGINAL,,,,,,,,,1 column,Product Info Column,Use config,Use config,,,,CHRISTIE,,,,35.55,,0.55,,,Enabled,No,"Catalog, Search",Taxable Goods,COOKIES,COOKIES,,,,,,KRAFT CANADA,Content will be updated,Content will be updated,,,,,,,100,0,1,0,0,1,1,1,0,1,1,,0,1,0,1,0,1,0,1,0,0,0,1,FUGEE-O ORIGINAL,0,simple,,,,,,,,,,,,,,,,,,,,,,,,,
admin,base,Grocery,simple,"4,11,48",gro0058,0,6672101064,OREO CHOCOLATE,,,,,,,,,1 column,Product Info Column,Use config,Use config,,,,CHRISTIE,,,,35.55,,0.55,,,Enabled,No,"Catalog, Search",Taxable Goods,COOKIES,COOKIES,,,,,,KRAFT CANADA,Content will be updated,Content will be updated,,,,,,,100,0,1,0,0,1,1,1,0,1,1,,0,1,0,1,0,1,0,1,0,0,0,1,OREO CHOCOLATE,0,simple,,,,,,,,,,,,,,,,,,,,,,,,,
admin,base,Grocery,simple,"4,12,50",gro0059,0,6672101899,CHUNKS AHOY ALMOND,,,,,,,,,1 column,Product Info Column,Use config,Use config,,,,CHRISTIE,,,,35.55,,0.3,,,Enabled,No,"Catalog, Search",Taxable Goods,COOKIES,COOKIES,,,,,,KRAFT CANADA,Content will be updated,Content will be updated,,,,,,,100,0,1,0,0,1,1,1,0,1,1,,0,1,0,1,0,1,0,1,0,0,0,1,CHUNKS AHOY ALMOND,0,simple,,,,,,,,,,,,,,,,,,,,,,,,,
admin,base,Grocery,simple,"4,10,45",gro0060,0,6672101904,CHUNKS AHOY PECAN,,,,,,,,,1 column,Product Info Column,Use config,Use config,,,,CHRISTIE,,,,35.55,,0.3,,,Enabled,No,"Catalog, Search",Taxable Goods,COOKIES,COOKIES,,,,,,KRAFT CANADA,Content will be updated,Content will be updated,,,,,,,100,0,1,0,0,1,1,1,0,1,1,,0,1,0,1,0,1,0,1,0,0,0,1,CHUNKS AHOY PECAN,0,simple,,,,,,,,,,,,,,,,,,,,,,,,,
admin,base,Grocery,simple,"4,11,49",gro0061,0,6672101565,CHUNKS AHOY!,,,,,,,,,1 column,Product Info Column,Use config,Use config,,,,CHRISTIE,,,,35.55,,0.55,,,Enabled,No,"Catalog, Search",Taxable Goods,COOKIES,COOKIES,,,,,,KRAFT CANADA,Content will be updated,Content will be updated,,,,,,,100,0,1,0,0,1,1,1,0,1,1,,0,1,0,1,0,1,0,1,0,0,0,1,CHUNKS AHOY!,0,simple,,,,,,,,,,,,,,,,,,,,,,,,,
admin,base,Grocery,simple,"4,12,44",gro0062,0,6672101602,CHEWY CHUNKS AHOY!,,,,,,,,,1 column,Product Info Column,Use config,Use config,,,,CHRISTIE,,,,35.55,,0.325,,,Enabled,No,"Catalog, Search",Taxable Goods,COOKIES,COOKIES,,,,,,KRAFT CANADA,Content will be updated,Content will be updated,,,,,,,100,0,1,0,0,1,1,1,0,1,1,,0,1,0,1,0,1,0,1,0,0,0,1,CHEWY CHUNKS AHOY!,0,simple,,,,,,,,,,,,,,,,,,,,,,,,,
admin,base,Grocery,simple,"4,10,42",gro0063,0,6672101668,CHUNKS AHOY!,,,,,,,,,1 column,Product Info Column,Use config,Use config,,,,CHRISTIE,,,,35.55,,0.35,,,Enabled,No,"Catalog, Search",Taxable Goods,COOKIES,COOKIES,,,,,,KRAFT CANADA,Content will be updated,Content will be updated,,,,,,,100,0,1,0,0,1,1,1,0,1,1,,0,1,0,1,0,1,0,1,0,0,0,1,CHUNKS AHOY!,0,simple,,,,,,,,,,,,,,,,,,,,,,,,,
admin,base,Grocery,simple,"4,11,41",gro0064,0,6672101766,CHUNKS AHOY! FAMILY PACK,,,,,,,,,1 column,Product Info Column,Use config,Use config,,,,CHRISTIE,,,,35.55,,1.1,,,Enabled,No,"Catalog, Search",Taxable Goods,COOKIES,COOKIES,,,,,,KRAFT CANADA,Content will be updated,Content will be updated,,,,,,,100,0,1,0,0,1,1,1,0,1,1,,0,1,0,1,0,1,0,1,0,0,0,1,CHUNKS AHOY! FAMILY PACK,0,simple,,,,,,,,,,,,,,,,,,,,,,,,,
admin,base,Grocery,simple,"4,12,48",gro0065,0,6672101183,MINI OREO,,,,,,,,,1 column,Product Info Column,Use config,Use config,,,,CHRISTIE,,,,35.55,,0.225,,,Enabled,No,"Catalog, Search",Taxable Goods,COOKIES,COOKIES,,,,,,KRAFT CANADA,Content will be updated,Content will be updated,,,,,,,100,0,1,0,0,1,1,1,0,1,1,,0,1,0,1,0,1,0,1,0,0,0,1,MINI OREO,0,simple,,,,,,,,,,,,,,,,,,,,,,,,,
admin,base,Grocery,simple,"4,10,50",gro0066,0,6672101186,MINI CHIPS AHOY RAINBOW,,,,,,,,,1 column,Product Info Column,Use config,Use config,,,,CHRISTIE,,,,35.55,,0.225,,,Enabled,No,"Catalog, Search",Taxable Goods,COOKIES,COOKIES,,,,,,KRAFT CANADA,Content will be updated,Content will be updated,,,,,,,100,0,1,0,0,1,1,1,0,1,1,,0,1,0,1,0,1,0,1,0,0,0,1,MINI CHIPS AHOY RAINBOW,0,simple,,,,,,,,,,,,,,,,,,,,,,,,,
admin,base,Grocery,simple,"4,11,45",gro0067,0,6672101531,PIRATE OATMEAL PEANUT BUTTER COOKIES,,,,,,,,,1 column,Product Info Column,Use config,Use config,,,,CHRISTIE,,,,35.55,,0.35,,,Enabled,No,"Catalog, Search",Taxable Goods,COOKIES,COOKIES,,,,,,KRAFT CANADA,Content will be updated,Content will be updated,,,,,,,100,0,1,0,0,1,1,1,0,1,1,,0,1,0,1,0,1,0,1,0,0,0,1,PIRATE OATMEAL PEANUT BUTTER COOKIES,0,simple,,,,,,,,,,,,,,,,,,,,,,,,,
admin,base,Grocery,simple,"4,12,49",gro0068,0,6672101400,OREO CHOCOLATE CREME,,,,,,,,,1 column,Product Info Column,Use config,Use config,,,,CHRISTIE,,,,35.55,,0.35,,,Enabled,No,"Catalog, Search",Taxable Goods,COOKIES,COOKIES,,,,,,KRAFT CANADA,Content will be updated,Content will be updated,,,,,,,100,0,1,0,0,1,1,1,0,1,1,,0,1,0,1,0,1,0,1,0,0,0,1,OREO CHOCOLATE CREME,0,simple,,,,,,,,,,,,,,,,,,,,,,,,,
admin,base,Grocery,simple,"4,10,44",gro0069,0,6672101426,NEWTON FIG,,,,,,,,,1 column,Product Info Column,Use config,Use config,,,,CHRISTIE,,,,35.55,,0.34,,,Enabled,No,"Catalog, Search",Taxable Goods,COOKIES,COOKIES,,,,,,KRAFT CANADA,Content will be updated,Content will be updated,,,,,,,100,0,1,0,0,1,1,1,0,1,1,,0,1,0,1,0,1,0,1,0,0,0,1,NEWTON FIG,0,simple,,,,,,,,,,,,,,,,,,,,,,,,,
admin,base,Grocery,simple,"4,11,42",gro0070,0,6672101519,MINI CHIPS AHOY,,,,,,,,,1 column,Product Info Column,Use config,Use config,,,,CHRISTIE,,,,35.55,,0.225,,,Enabled,No,"Catalog, Search",Taxable Goods,COOKIES,COOKIES,,,,,,KRAFT CANADA,Content will be updated,Content will be updated,,,,,,,100,0,1,0,0,1,1,1,0,1,1,,0,1,0,1,0,1,0,1,0,0,0,1,MINI CHIPS AHOY,0,simple,,,,,,,,,,,,,,,,,,,,,,,,,
admin,base,Grocery,simple,"4,12,41",gro0071,0,6672101523,COFFEE BREAKS CINNAMON RAISIN,,,,,,,,,1 column,Product Info Column,Use config,Use config,,,,CHRISTIE,,,,35.55,,0.35,,,Enabled,No,"Catalog, Search",Taxable Goods,COOKIES,COOKIES,,,,,,KRAFT CANADA,Content will be updated,Content will be updated,,,,,,,100,0,1,0,0,1,1,1,0,1,1,,0,1,0,1,0,1,0,1,0,0,0,1,COFFEE BREAKS CINNAMON RAISIN,0,simple,,,,,,,,,,,,,,,,,,,,,,,,,
admin,base,Grocery,simple,"4,10,48",gro0072,0,6672101524,TEDDY GRAHAMS OATMEAL,,,,,,,,,1 column,Product Info Column,Use config,Use config,,,,CHRISTIE,,,,35.55,,0.225,,,Enabled,No,"Catalog, Search",Taxable Goods,COOKIES,COOKIES,,,,,,KRAFT CANADA,Content will be updated,Content will be updated,,,,,,,100,0,1,0,0,1,1,1,0,1,1,,0,1,0,1,0,1,0,1,0,0,0,1,TEDDY GRAHAMS OATMEAL,0,simple,,,,,,,,,,,,,,,,,,,,,,,,,
admin,base,Grocery,simple,"4,11,50",gro0073,0,6672101110,CHEWY CHIPS AHOY DOUBLE CHOCOLATE,,,,,,,,,1 column,Product Info Column,Use config,Use config,,,,CHRISTIE,,,,35.55,,0.35,,,Enabled,No,"Catalog, Search",Taxable Goods,COOKIES,COOKIES,,,,,,KRAFT CANADA,Content will be updated,Content will be updated,,,,,,,100,0,1,0,0,1,1,1,0,1,1,,0,1,0,1,0,1,0,1,0,0,0,1,CHEWY CHIPS AHOY DOUBLE CHOCOLATE,0,simple,,,,,,,,,,,,,,,,,,,,,,,,,
admin,base,Grocery,simple,"4,12,45",gro0074,0,6672101139,MAPLE LEAF,,,,,,,,,1 column,Product Info Column,Use config,Use config,,,,CHRISTIE,,,,35.55,,0.35,,,Enabled,No,"Catalog, Search",Taxable Goods,COOKIES,COOKIES,,,,,,KRAFT CANADA,Content will be updated,Content will be updated,,,,,,,100,0,1,0,0,1,1,1,0,1,1,,0,1,0,1,0,1,0,1,0,0,0,1,MAPLE LEAF,0,simple,,,,,,,,,,,,,,,,,,,,,,,,,
admin,base,Grocery,simple,"4,10,49",gro0075,0,6672101305,COCOA TEDDY GRAHAMS,,,,,,,,,1 column,Product Info Column,Use config,Use config,,,,CHRISTIE,,,,35.55,,0.225,,,Enabled,No,"Catalog, Search",Taxable Goods,COOKIES,COOKIES,,,,,,KRAFT CANADA,Content will be updated,Content will be updated,,,,,,,100,0,1,0,0,1,1,1,0,1,1,,0,1,0,1,0,1,0,1,0,0,0,1,COCOA TEDDY GRAHAMS,0,simple,,,,,,,,,,,,,,,,,,,,,,,,,
admin,base,Grocery,simple,"4,11,44",gro0076,0,6672101306,TEDDY GRAHAMS HONEY,,,,,,,,,1 column,Product Info Column,Use config,Use config,,,,CHRISTIE,,,,35.55,,0.225,,,Enabled,No,"Catalog, Search",Taxable Goods,COOKIES,COOKIES,,,,,,KRAFT CANADA,Content will be updated,Content will be updated,,,,,,,100,0,1,0,0,1,1,1,0,1,1,,0,1,0,1,0,1,0,1,0,0,0,1,TEDDY GRAHAMS HONEY,0,simple,,,,,,,,,,,,,,,,,,,,,,,,,
admin,base,Grocery,simple,"4,12,42",gro0077,0,6672101307,TEDDY GRAHAMS CHOCOLATEY CHIP,,,,,,,,,1 column,Product Info Column,Use config,Use config,,,,CHRISTIE,,,,35.55,,0.225,,,Enabled,No,"Catalog, Search",Taxable Goods,COOKIES,COOKIES,,,,,,KRAFT CANADA,Content will be updated,Content will be updated,,,,,,,100,0,1,0,0,1,1,1,0,1,1,,0,1,0,1,0,1,0,1,0,0,0,1,TEDDY GRAHAMS CHOCOLATEY CHIP,0,simple,,,,,,,,,,,,,,,,,,,,,,,,,
admin,base,Grocery,simple,"4,10,41",gro0078,0,6672101202,OREO,,,,,,,,,1 column,Product Info Column,Use config,Use config,,,,CHRISTIE,,,,35.55,,0.4,,,Enabled,No,"Catalog, Search",Taxable Goods,BAKING CRUMBS,BAKING CRUMBS,,,,,,KRAFT CANADA,Content will be updated,Content will be updated,,,,,,,100,0,1,0,0,1,1,1,0,1,1,,0,1,0,1,0,1,0,1,0,0,0,1,OREO,0,simple,,,,,,,,,,,,,,,,,,,,,,,,,
admin,base,Grocery,simple,"4,11,48",gro0079,0,6672101365,RITZ ORIGINAL BAKED,,,,,,,,,1 column,Product Info Column,Use config,Use config,,,,CHRISTIE,,,,35.55,,0.225,,,Enabled,No,"Catalog, Search",Taxable Goods,CHIPS,CHIPS,,,,,,KRAFT CANADA,Content will be updated,Content will be updated,,,,,,,100,0,1,0,0,1,1,1,0,1,1,,0,1,0,1,0,1,0,1,0,0,0,1,RITZ ORIGINAL BAKED,0,simple,,,,,,,,,,,,,,,,,,,,,,,,,
admin,base,Grocery,simple,"4,12,50",gro0080,0,6672101880,RITZ MULTIGRAIN BAKED,,,,,,,,,1 column,Product Info Column,Use config,Use config,,,,CHRISTIE,,,,35.55,,0.225,,,Enabled,No,"Catalog, Search",Taxable Goods,CHIPS,CHIPS,,,,,,KRAFT CANADA,Content will be updated,Content will be updated,,,,,,,100,0,1,0,0,1,1,1,0,1,1,,0,1,0,1,0,1,0,1,0,0,0,1,RITZ MULTIGRAIN BAKED,0,simple,,,,,,,,,,,,,,,,,,,,,,,,,
admin,base,Grocery,simple,"4,10,45",gro0081,0,6598720350,THINSATIONS SHORTCAKE THIN CRISPS,,,,,,,,,1 column,Product Info Column,Use config,Use config,,,,CHRISTIE,,,,35.55,,0.126,,,Enabled,No,"Catalog, Search",Taxable Goods,COOKIES,COOKIES,,,,,,KRAFT CANADA,Content will be updated,Content will be updated,,,,,,,100,0,1,0,0,1,1,1,0,1,1,,0,1,0,1,0,1,0,1,0,0,0,1,THINSATIONS SHORTCAKE THIN CRISPS,0,simple,,,,,,,,,,,,,,,,,,,,,,,,,
admin,base,Grocery,simple,"4,11,49",gro0082,0,6672101008,CHEWY CHIPS AHOY!,,,,,,,,,1 column,Product Info Column,Use config,Use config,,,,CHRISTIE,,,,35.55,,0.35,,,Enabled,No,"Catalog, Search",Taxable Goods,COOKIES,COOKIES,,,,,,KRAFT CANADA,Content will be updated,Content will be updated,,,,,,,100,0,1,0,0,1,1,1,0,1,1,,0,1,0,1,0,1,0,1,0,0,0,1,CHEWY CHIPS AHOY!,0,simple,,,,,,,,,,,,,,,,,,,,,,,,,
admin,base,Grocery,simple,"4,12,44",gro0083,0,6672101053,CHUNKS AHOY! TRIPLE CHOCOLATE,,,,,,,,,1 column,Product Info Column,Use config,Use config,,,,CHRISTIE,,,,35.55,,0.35,,,Enabled,No,"Catalog, Search",Taxable Goods,COOKIES,COOKIES,,,,,,KRAFT CANADA,Content will be updated,Content will be updated,,,,,,,100,0,1,0,0,1,1,1,0,1,1,,0,1,0,1,0,1,0,1,0,0,0,1,CHUNKS AHOY! TRIPLE CHOCOLATE,0,simple,,,,,,,,,,,,,,,,,,,,,,,,,
admin,base,Grocery,simple,"4,10,42",gro0084,0,6672101440,TOPPABLES 3 STAYFRESH PACKS,,,,,,,,,1 column,Product Info Column,Use config,Use config,,,,CHRISTIE,,,,35.55,,0.454,,,Enabled,No,"Catalog, Search",Taxable Goods,CRACKERS,CRACKERS,,,,,,KRAFT CANADA,Content will be updated,Content will be updated,,,,,,,100,0,1,0,0,1,1,1,0,1,1,,0,1,0,1,0,1,0,1,0,0,0,1,TOPPABLES 3 STAYFRESH PACKS,0,simple,,,,,,,,,,,,,,,,,,,,,,,,,
admin,base,Grocery,simple,"4,11,41",gro0085,0,6672101462,RITZ BITS SANDWICHES W/REAL CHEESE,,,,,,,,,1 column,Product Info Column,Use config,Use config,,,,CHRISTIE,,,,35.55,,0.2,,,Enabled,No,"Catalog, Search",Taxable Goods,CRACKERS,CRACKERS,,,,,,KRAFT CANADA,Content will be updated,Content will be updated,,,,,,,100,0,1,0,0,1,1,1,0,1,1,,0,1,0,1,0,1,0,1,0,0,0,1,RITZ BITS SANDWICHES W/REAL CHEESE,0,simple,,,,,,,,,,,,,,,,,,,,,,,,,
admin,base,Grocery,simple,"4,12,48",gro0086,0,6672101463,RITZ BITS S'MORES SANDWICHES,,,,,,,,,1 column,Product Info Column,Use config,Use config,,,,CHRISTIE,,,,35.55,,0.2,,,Enabled,No,"Catalog, Search",Taxable Goods,CRACKERS,CRACKERS,,,,,,KRAFT CANADA,Content will be updated,Content will be updated,,,,,,,100,0,1,0,0,1,1,1,0,1,1,,0,1,0,1,0,1,0,1,0,0,0,1,RITZ BITS S'MORES SANDWICHES,0,simple,,,,,,,,,,,,,,,,,,,,,,,,,
admin,base,Grocery,simple,"4,10,50",gro0087,0,6672101464,RITZ BITS SANDWICHES W/REAL PEANUT BUTTER,,,,,,,,,1 column,Product Info Column,Use config,Use config,,,,CHRISTIE,,,,35.55,,0.2,,,Enabled,No,"Catalog, Search",Taxable Goods,CRACKERS,CRACKERS,,,,,,KRAFT CANADA,Content will be updated,Content will be updated,,,,,,,100,0,1,0,0,1,1,1,0,1,1,,0,1,0,1,0,1,0,1,0,0,0,1,RITZ BITS SANDWICHES W/REAL PEANUT BUTTER,0,simple,,,,,,,,,,,,,,,,,,,,,,,,,
admin,base,Grocery,simple,"4,11,45",gro0088,0,6672101568,CRISPERS NACHO,,,,,,,,,1 column,Product Info Column,Use config,Use config,,,,CHRISTIE,,,,35.55,,0.2,,,Enabled,No,"Catalog, Search",Taxable Goods,CRACKERS,CRACKERS,,,,,,KRAFT CANADA,Content will be updated,Content will be updated,,,,,,,100,0,1,0,0,1,1,1,0,1,1,,0,1,0,1,0,1,0,1,0,0,0,1,CRISPERS NACHO,0,simple,,,,,,,,,,,,,,,,,,,,,,,,,
admin,base,Grocery,simple,"4,12,49",gro0089,0,6672101623,RITZ BITS SANDWICHES SNAK PAKS W/REAL KRAFT CHEESE,,,,,,,,,1 column,Product Info Column,Use config,Use config,,,,CHRISTIE,,,,35.55,,0.18,,,Enabled,No,"Catalog, Search",Taxable Goods,CRACKERS,CRACKERS,,,,,,KRAFT CANADA,Content will be updated,Content will be updated,,,,,,,100,0,1,0,0,1,1,1,0,1,1,,0,1,0,1,0,1,0,1,0,0,0,1,RITZ BITS SANDWICHES SNAK PAKS W/REAL KRAFT CHEESE,0,simple,,,,,,,,,,,,,,,,,,,,,,,,,
admin,base,Grocery,simple,"4,10,44",gro0090,0,6672101632,VEGETABLE THINS 44% LESS FAT THAN ORIGINAL,,,,,,,,,1 column,Product Info Column,Use config,Use config,,,,CHRISTIE,,,,35.55,,0.2,,,Enabled,No,"Catalog, Search",Taxable Goods,CRACKERS,CRACKERS,,,,,,KRAFT CANADA,Content will be updated,Content will be updated,,,,,,,100,0,1,0,0,1,1,1,0,1,1,,0,1,0,1,0,1,0,1,0,0,0,1,VEGETABLE THINS 44% LESS FAT THAN ORIGINAL,0,simple,,,,,,,,,,,,,,,,,,,,,,,,,
admin,base,Grocery,simple,"4,11,42",gro0091,0,6672101652,CRISPERS DILL PICKLE,,,,,,,,,1 column,Product Info Column,Use config,Use config,,,,CHRISTIE,,,,35.55,,0.2,,,Enabled,No,"Catalog, Search",Taxable Goods,CRACKERS,CRACKERS,,,,,,KRAFT CANADA,Content will be updated,Content will be updated,,,,,,,100,0,1,0,0,1,1,1,0,1,1,,0,1,0,1,0,1,0,1,0,0,0,1,CRISPERS DILL PICKLE,0,simple,,,,,,,,,,,,,,,,,,,,,,,,,
admin,base,Grocery,simple,"4,12,41",gro0092,0,6672101693,CRISPERS SOUR CREAM & ONION,,,,,,,,,1 column,Product Info Column,Use config,Use config,,,,CHRISTIE,,,,35.55,,0.2,,,Enabled,No,"Catalog, Search",Taxable Goods,CRACKERS,CRACKERS,,,,,,KRAFT CANADA,Content will be updated,Content will be updated,,,,,,,100,0,1,0,0,1,1,1,0,1,1,,0,1,0,1,0,1,0,1,0,0,0,1,CRISPERS SOUR CREAM & ONION,0,simple,,,,,,,,,,,,,,,,,,,,,,,,,
admin,base,Grocery,simple,"4,10,48",gro0093,0,6672101694,CRISPERS ALL DRESSED,,,,,,,,,1 column,Product Info Column,Use config,Use config,,,,CHRISTIE,,,,35.55,,0.2,,,Enabled,No,"Catalog, Search",Taxable Goods,CRACKERS,CRACKERS,,,,,,KRAFT CANADA,Content will be updated,Content will be updated,,,,,,,100,0,1,0,0,1,1,1,0,1,1,,0,1,0,1,0,1,0,1,0,0,0,1,CRISPERS ALL DRESSED,0,simple,,,,,,,,,,,,,,,,,,,,,,,,,
admin,base,Grocery,simple,"4,11,50",gro0094,0,6672101695,CRISPERS BARBECUE,,,,,,,,,1 column,Product Info Column,Use config,Use config,,,,CHRISTIE,,,,35.55,,0.2,,,Enabled,No,"Catalog, Search",Taxable Goods,CRACKERS,CRACKERS,,,,,,KRAFT CANADA,Content will be updated,Content will be updated,,,,,,,100,0,1,0,0,1,1,1,0,1,1,,0,1,0,1,0,1,0,1,0,0,0,1,CRISPERS BARBECUE,0,simple,,,,,,,,,,,,,,,,,,,,,,,,,
admin,base,Grocery,simple,"4,12,45",gro0095,0,6672101697,CRISPERS RANCH,,,,,,,,,1 column,Product Info Column,Use config,Use config,,,,CHRISTIE,,,,35.55,,0.2,,,Enabled,No,"Catalog, Search",Taxable Goods,CRACKERS,CRACKERS,,,,,,KRAFT CANADA,Content will be updated,Content will be updated,,,,,,,100,0,1,0,0,1,1,1,0,1,1,,0,1,0,1,0,1,0,1,0,0,0,1,CRISPERS RANCH,0,simple,,,,,,,,,,,,,,,,,,,,,,,,,
admin,base,Grocery,simple,"4,10,49",gro0096,0,6672101699,CRISPERS SALT & VINEGAR,,,,,,,,,1 column,Product Info Column,Use config,Use config,,,,CHRISTIE,,,,35.55,,0.2,,,Enabled,No,"Catalog, Search",Taxable Goods,CRACKERS,CRACKERS,,,,,,KRAFT CANADA,Content will be updated,Content will be updated,,,,,,,100,0,1,0,0,1,1,1,0,1,1,,0,1,0,1,0,1,0,1,0,0,0,1,CRISPERS SALT & VINEGAR,0,simple,,,,,,,,,,,,,,,,,,,,,,,,,
admin,base,Grocery,simple,"4,11,44",gro0097,0,6672101292,WHEAT THINS,,,,,,,,,1 column,Product Info Column,Use config,Use config,,,,CHRISTIE,,,,35.55,,0.25,,,Enabled,No,"Catalog, Search",Taxable Goods,CRACKERS,CRACKERS,,,,,,KRAFT CANADA,Content will be updated,Content will be updated,,,,,,,100,0,1,0,0,1,1,1,0,1,1,,0,1,0,1,0,1,0,1,0,0,0,1,WHEAT THINS,0,simple,,,,,,,,,,,,,,,,,,,,,,,,,
admin,base,Grocery,simple,"4,12,42",gro0098,0,6672101337,CRACKED PEPPER,,,,,,,,,1 column,Product Info Column,Use config,Use config,,,,CHRISTIE,,,,35.55,,0.2,,,Enabled,No,"Catalog, Search",Taxable Goods,CRACKERS,CRACKERS,,,,,,KRAFT CANADA,Content will be updated,Content will be updated,,,,,,,100,0,1,0,0,1,1,1,0,1,1,,0,1,0,1,0,1,0,1,0,0,0,1,CRACKED PEPPER,0,simple,,,,,,,,,,,,,,,,,,,,,,,,,
admin,base,Grocery,simple,"4,10,41",gro0099,0,6672101370,CHEESE BITS BAKED W/100% REAL KRAFT CHEDDAR CHEESE,,,,,,,,,1 column,Product Info Column,Use config,Use config,,,,CHRISTIE,,,,35.55,,0.225,,,Enabled,No,"Catalog, Search",Taxable Goods,CRACKERS,CRACKERS,,,,,,KRAFT CANADA,Content will be updated,Content will be updated,,,,,,,100,0,1,0,0,1,1,1,0,1,1,,0,1,0,1,0,1,0,1,0,0,0,1,CHEESE BITS BAKED W/100% REAL KRAFT CHEDDAR CHEESE,0,simple,,,,,,,,,,,,,,,,,,,,,,,,,
admin,base,Grocery,simple,"4,11,48",gro0100,0,6672101719,RITZ W/WHOLE WHEAT,,,,,,,,,1 column,Product Info Column,Use config,Use config,,,,CHRISTIE,,,,35.55,,0.225,,,Enabled,No,"Catalog, Search",Taxable Goods,CRACKERS,CRACKERS,,,,,,KRAFT CANADA,Content will be updated,Content will be updated,,,,,,,100,0,1,0,0,1,1,1,0,1,1,,0,1,0,1,0,1,0,1,0,0,0,1,RITZ W/WHOLE WHEAT,0,simple,,,,,,,,,,,,,,,,,,,,,,,,,
admin,base,Grocery,simple,"4,12,50",gro0101,0,6672101778,RITZ BITS SANDWICHES W/REAL CHEESE 2 PACK,,,,,,,,,1 column,Product Info Column,Use config,Use config,,,,CHRISTIE,,,,35.55,,1,,,Enabled,No,"Catalog, Search",Taxable Goods,CRACKERS,CRACKERS,,,,,,KRAFT CANADA,Content will be updated,Content will be updated,,,,,,,100,0,1,0,0,1,1,1,0,1,1,,0,1,0,1,0,1,0,1,0,0,0,1,RITZ BITS SANDWICHES W/REAL CHEESE 2 PACK,0,simple,,,,,,,,,,,,,,,,,,,,,,,,,
admin,base,Grocery,simple,"4,10,45",gro0102,0,6672101840,RICE THINS ORIGINAL BAKED NOT FRIED,,,,,,,,,1 column,Product Info Column,Use config,Use config,,,,CHRISTIE,,,,35.55,,0.1,,,Enabled,No,"Catalog, Search",Taxable Goods,CRACKERS,CRACKERS,,,,,,KRAFT CANADA,Content will be updated,Content will be updated,,,,,,,100,0,1,0,0,1,1,1,0,1,1,,0,1,0,1,0,1,0,1,0,0,0,1,RICE THINS ORIGINAL BAKED NOT FRIED,0,simple,,,,,,,,,,,,,,,,,,,,,,,,,
admin,base,Grocery,simple,"4,11,49",gro0103,0,6672101841,RICE THINS CHEDDAR BAKED NOT FRIED,,,,,,,,,1 column,Product Info Column,Use config,Use config,,,,CHRISTIE,,,,35.55,,0.1,,,Enabled,No,"Catalog, Search",Taxable Goods,CRACKERS,CRACKERS,,,,,,KRAFT CANADA,Content will be updated,Content will be updated,,,,,,,100,0,1,0,0,1,1,1,0,1,1,,0,1,0,1,0,1,0,1,0,0,0,1,RICE THINS CHEDDAR BAKED NOT FRIED,0,simple,,,,,,,,,,,,,,,,,,,,,,,,,
admin,base,Grocery,simple,"4,12,44",gro0104,0,6672101842,RICE THINS SESAME BAKED NOT FRIED,,,,,,,,,1 column,Product Info Column,Use config,Use config,,,,CHRISTIE,,,,35.55,,0.1,,,Enabled,No,"Catalog, Search",Taxable Goods,CRACKERS,CRACKERS,,,,,,KRAFT CANADA,Content will be updated,Content will be updated,,,,,,,100,0,1,0,0,1,1,1,0,1,1,,0,1,0,1,0,1,0,1,0,0,0,1,RICE THINS SESAME BAKED NOT FRIED,0,simple,,,,,,,,,,,,,,,,,,,,,,,,,
admin,base,Grocery,simple,"4,10,42",gro0105,0,6672101845,RICE THINS MULTIGRAIN BAKED NOT FRIED,,,,,,,,,1 column,Product Info Column,Use config,Use config,,,,CHRISTIE,,,,35.55,,0.1,,,Enabled,No,"Catalog, Search",Taxable Goods,CRACKERS,CRACKERS,,,,,,KRAFT CANADA,Content will be updated,Content will be updated,,,,,,,100,0,1,0,0,1,1,1,0,1,1,,0,1,0,1,0,1,0,1,0,0,0,1,RICE THINS MULTIGRAIN BAKED NOT FRIED,0,simple,,,,,,,,,,,,,,,,,,,,,,,,,
admin,base,Grocery,simple,"4,11,41",gro0106,0,6672101921,THINSATIONS OREO THIN CRISPS 6 PACKS,,,,,,,,,1 column,Product Info Column,Use config,Use config,,,,CHRISTIE,,,,35.55,,0.138,,,Enabled,No,"Catalog, Search",Taxable Goods,COOKIES,COOKIES,,,,,,KRAFT CANADA,Content will be updated,Content will be updated,,,,,,,100,0,1,0,0,1,1,1,0,1,1,,0,1,0,1,0,1,0,1,0,0,0,1,THINSATIONS OREO THIN CRISPS 6 PACKS,0,simple,,,,,,,,,,,,,,,,,,,,,,,,,
admin,base,Grocery,simple,"4,12,48",gro0107,0,6672101922,THINSATIONS THIN CRISPS CHIPS AHOY! 23 G PACKS,,,,,,,,,1 column,Product Info Column,Use config,Use config,,,,CHRISTIE,,,,35.55,,0.6,,,Enabled,No,"Catalog, Search",Taxable Goods,COOKIES,COOKIES,,,,,,KRAFT CANADA,Content will be updated,Content will be updated,,,,,,,100,0,1,0,0,1,1,1,0,1,1,,0,1,0,1,0,1,0,1,0,0,0,1,THINSATIONS THIN CRISPS CHIPS AHOY! 23 G PACKS,0,simple,,,,,,,,,,,,,,,,,,,,,,,,,
admin,base,Grocery,simple,"4,10,50",gro0108,0,6672101924,OREO CHIPS AHOY! THIN CRISPS 24 PACKS,,,,,,,,,1 column,Product Info Column,Use config,Use config,,,,CHRISTIE,,,,35.55,,0.564,,,Enabled,No,"Catalog, Search",Taxable Goods,COOKIES,COOKIES,,,,,,KRAFT CANADA,Content will be updated,Content will be updated,,,,,,,100,0,1,0,0,1,1,1,0,1,1,,0,1,0,1,0,1,0,1,0,0,0,1,OREO CHIPS AHOY! THIN CRISPS 24 PACKS,0,simple,,,,,,,,,,,,,,,,,,,,,,,,,
admin,base,Grocery,simple,"4,11,45",gro0109,0,6672101942,THINSATIONS PEANUT BUTTER THIN CRISPS,,,,,,,,,1 column,Product Info Column,Use config,Use config,,,,CHRISTIE,,,,35.55,,0.144,,,Enabled,No,"Catalog, Search",Taxable Goods,COOKIES,COOKIES,,,,,,KRAFT CANADA,Content will be updated,Content will be updated,,,,,,,100,0,1,0,0,1,1,1,0,1,1,,0,1,0,1,0,1,0,1,0,0,0,1,THINSATIONS PEANUT BUTTER THIN CRISPS,0,simple,,,,,,,,,,,,,,,,,,,,,,,,,
admin,base,Grocery,simple,"4,12,49",gro0110,0,6672101967,OREO WAFERSTIX WAFER 10 PACK,,,,,,,,,1 column,Product Info Column,Use config,Use config,,,,CHRISTIE,,,,35.55,,0.28,,,Enabled,No,"Catalog, Search",Taxable Goods,COOKIES,COOKIES,,,,,,KRAFT CANADA,Content will be updated,Content will be updated,,,,,,,100,0,1,0,0,1,1,1,0,1,1,,0,1,0,1,0,1,0,1,0,0,0,1,OREO WAFERSTIX WAFER 10 PACK,0,simple,,,,,,,,,,,,,,,,,,,,,,,,,
admin,base,Grocery,simple,"4,10,44",gro0111,0,6672102005,CHUNKS AHOY WHITE CHOCOLATE MACADAMIA,,,,,,,,,1 column,Product Info Column,Use config,Use config,,,,CHRISTIE,,,,35.55,,0.3,,,Enabled,No,"Catalog, Search",Taxable Goods,COOKIES,COOKIES,,,,,,KRAFT CANADA,Content will be updated,Content will be updated,,,,,,,100,0,1,0,0,1,1,1,0,1,1,,0,1,0,1,0,1,0,1,0,0,0,1,CHUNKS AHOY WHITE CHOCOLATE MACADAMIA,0,simple,,,,,,,,,,,,,,,,,,,,,,,,,
admin,base,Grocery,simple,"4,11,42",gro0112,0,6672102134,FUGEE-O THE ORIGINAL THINSATIONS THIN CRISP 6 PACK,,,,,,,,,1 column,Product Info Column,Use config,Use config,,,,CHRISTIE,,,,35.55,,0.138,,,Enabled,No,"Catalog, Search",Taxable Goods,COOKIES,COOKIES,,,,,,KRAFT CANADA,Content will be updated,Content will be updated,,,,,,,100,0,1,0,0,1,1,1,0,1,1,,0,1,0,1,0,1,0,1,0,0,0,1,FUGEE-O THE ORIGINAL THINSATIONS THIN CRISP 6 PACK,0,simple,,,,,,,,,,,,,,,,,,,,,,,,,
admin,base,Grocery,simple,"4,12,41",gro0113,0,6672102137,THINSATIONS THIN CRISP GOLDEN OREO 23G PACKS,,,,,,,,,1 column,Product Info Column,Use config,Use config,,,,CHRISTIE,,,,35.55,,0.6,,,Enabled,No,"Catalog, Search",Taxable Goods,COOKIES,COOKIES,,,,,,KRAFT CANADA,Content will be updated,Content will be updated,,,,,,,100,0,1,0,0,1,1,1,0,1,1,,0,1,0,1,0,1,0,1,0,0,0,1,THINSATIONS THIN CRISP GOLDEN OREO 23G PACKS,0,simple,,,,,,,,,,,,,,,,,,,,,,,,,
admin,base,Grocery,simple,"4,10,48",gro0114,0,7337335008,OREO CHOCOLATE SANDWICH COOKIES,,,,,,,,,1 column,Product Info Column,Use config,Use config,,,,CHRISTIE,,,,35.55,,0.048,,,Enabled,No,"Catalog, Search",Taxable Goods,COOKIES,COOKIES,,,,,,KRAFT CANADA,Content will be updated,Content will be updated,,,,,,,100,0,1,0,0,1,1,1,0,1,1,,0,1,0,1,0,1,0,1,0,0,0,1,OREO CHOCOLATE SANDWICH COOKIES,0,simple,,,,,,,,,,,,,,,,,,,,,,,,,
admin,base,Grocery,simple,"4,11,50",gro0115,0,7337335146,MINI OREO,,,,,,,,,1 column,Product Info Column,Use config,Use config,,,,CHRISTIE,,,,35.55,,0.05,,,Enabled,No,"Catalog, Search",Taxable Goods,COOKIES,COOKIES,,,,,,KRAFT CANADA,Content will be updated,Content will be updated,,,,,,,100,0,1,0,0,1,1,1,0,1,1,,0,1,0,1,0,1,0,1,0,0,0,1,MINI OREO,0,simple,,,,,,,,,,,,,,,,,,,,,,,,,
admin,base,Grocery,simple,"4,12,45",gro0116,0,7337335149,CHIPS AHOY,,,,,,,,,1 column,Product Info Column,Use config,Use config,,,,CHRISTIE,,,,35.55,,0.04,,,Enabled,No,"Catalog, Search",Taxable Goods,COOKIES,COOKIES,,,,,,KRAFT CANADA,Content will be updated,Content will be updated,,,,,,,100,0,1,0,0,1,1,1,0,1,1,,0,1,0,1,0,1,0,1,0,0,0,1,CHIPS AHOY,0,simple,,,,,,,,,,,,,,,,,,,,,,,,,
admin,base,Grocery,simple,"4,10,49",gro0117,0,7337338149,CHIPS AHOY! MADE W/REAL CHOCOLATE CHIPS 12 40G POUCHES,,,,,,,,,1 column,Product Info Column,Use config,Use config,,,,CHRISTIE,,,,35.55,,0.48,,,Enabled,No,"Catalog, Search",Taxable Goods,COOKIES,COOKIES,,,,,,KRAFT CANADA,Content will be updated,Content will be updated,,,,,,,100,0,1,0,0,1,1,1,0,1,1,,0,1,0,1,0,1,0,1,0,0,0,1,CHIPS AHOY! MADE W/REAL CHOCOLATE CHIPS 12 40G POUCHES,0,simple,,,,,,,,,,,,,,,,,,,,,,,,,
admin,base,Grocery,simple,"4,11,44",gro0118,0,6672101157,VEGETABLE THINS MULTIGRAIN,,,,,,,,,1 column,Product Info Column,Use config,Use config,,,,CHRISTIE,,,,35.55,,0.2,,,Enabled,No,"Catalog, Search",Taxable Goods,CRACKERS,CRACKERS,,,,,,KRAFT CANADA,Content will be updated,Content will be updated,,,,,,,100,0,1,0,0,1,1,1,0,1,1,,0,1,0,1,0,1,0,1,0,0,0,1,VEGETABLE THINS MULTIGRAIN,0,simple,,,,,,,,,,,,,,,,,,,,,,,,,
admin,base,Grocery,simple,"4,12,42",gro0119,0,6672101220,RITZ 30% LESS FAT THAN ORIGINAL,,,,,,,,,1 column,Product Info Column,Use config,Use config,,,,CHRISTIE,,,,35.55,,0.2,,,Enabled,No,"Catalog, Search",Taxable Goods,CRACKERS,CRACKERS,,,,,,KRAFT CANADA,Content will be updated,Content will be updated,,,,,,,100,0,1,0,0,1,1,1,0,1,1,,0,1,0,1,0,1,0,1,0,0,0,1,RITZ 30% LESS FAT THAN ORIGINAL,0,simple,,,,,,,,,,,,,,,,,,,,,,,,,
admin,base,Grocery,simple,"4,10,41",gro0120,0,6672101221,PREMIUM PLUS SALTED TOPS 18 HANDY 4-PACKS,,,,,,,,,1 column,Product Info Column,Use config,Use config,,,,CHRISTIE,,,,35.55,,0.2,,,Enabled,No,"Catalog, Search",Taxable Goods,CRACKERS,CRACKERS,,,,,,KRAFT CANADA,Content will be updated,Content will be updated,,,,,,,100,0,1,0,0,1,1,1,0,1,1,,0,1,0,1,0,1,0,1,0,0,0,1,PREMIUM PLUS SALTED TOPS 18 HANDY 4-PACKS,0,simple,,,,,,,,,,,,,,,,,,,,,,,,,
admin,base,Grocery,simple,"4,11,48",gro0121,0,6672101227,PREMIUM PLUS UNSALTED TOPS 18 HANDY 4-PACKS,,,,,,,,,1 column,Product Info Column,Use config,Use config,,,,CHRISTIE,,,,35.55,,0.2,,,Enabled,No,"Catalog, Search",Taxable Goods,CRACKERS,CRACKERS,,,,,,KRAFT CANADA,Content will be updated,Content will be updated,,,,,,,100,0,1,0,0,1,1,1,0,1,1,,0,1,0,1,0,1,0,1,0,0,0,1,PREMIUM PLUS UNSALTED TOPS 18 HANDY 4-PACKS,0,simple,,,,,,,,,,,,,,,,,,,,,,,,,
admin,base,Grocery,simple,"4,12,50",gro0122,0,6672102018,CHEESE NIPS,,,,,,,,,1 column,Product Info Column,Use config,Use config,,,,CHRISTIE,,,,35.55,,0.225,,,Enabled,No,"Catalog, Search",Taxable Goods,CRACKERS,CRACKERS,,,,,,KRAFT CANADA,Content will be updated,Content will be updated,,,,,,,100,0,1,0,0,1,1,1,0,1,1,,0,1,0,1,0,1,0,1,0,0,0,1,CHEESE NIPS,0,simple,,,,,,,,,,,,,,,,,,,,,,,,,
admin,base,Grocery,simple,"4,10,45",gro0123,0,6672102019,FRENCH ONION,,,,,,,,,1 column,Product Info Column,Use config,Use config,,,,CHRISTIE,,,,35.55,,0.225,,,Enabled,No,"Catalog, Search",Taxable Goods,CRACKERS,CRACKERS,,,,,,KRAFT CANADA,Content will be updated,Content will be updated,,,,,,,100,0,1,0,0,1,1,1,0,1,1,,0,1,0,1,0,1,0,1,0,0,0,1,FRENCH ONION,0,simple,,,,,,,,,,,,,,,,,,,,,,,,,
admin,base,Grocery,simple,"4,11,49",gro0124,0,6672102020,RITZ ORIGINAL MINI BITE SIZE,,,,,,,,,1 column,Product Info Column,Use config,Use config,,,,CHRISTIE,,,,35.55,,0.225,,,Enabled,No,"Catalog, Search",Taxable Goods,CRACKERS,CRACKERS,,,,,,KRAFT CANADA,Content will be updated,Content will be updated,,,,,,,100,0,1,0,0,1,1,1,0,1,1,,0,1,0,1,0,1,0,1,0,0,0,1,RITZ ORIGINAL MINI BITE SIZE,0,simple,,,,,,,,,,,,,,,,,,,,,,,,,
admin,base,Grocery,simple,"4,12,44",gro0125,0,6672102021,RITZ ORIGINAL,,,,,,,,,1 column,Product Info Column,Use config,Use config,,,,CHRISTIE,,,,35.55,,0.225,,,Enabled,No,"Catalog, Search",Taxable Goods,CRACKERS,CRACKERS,,,,,,KRAFT CANADA,Content will be updated,Content will be updated,,,,,,,100,0,1,0,0,1,1,1,0,1,1,,0,1,0,1,0,1,0,1,0,0,0,1,RITZ ORIGINAL,0,simple,,,,,,,,,,,,,,,,,,,,,,,,,
admin,base,Grocery,simple,"4,10,42",gro0126,0,6672102022,RITZ ORIGINAL,,,,,,,,,1 column,Product Info Column,Use config,Use config,,,,CHRISTIE,,,,35.55,,0.4,,,Enabled,No,"Catalog, Search",Taxable Goods,CRACKERS,CRACKERS,,,,,,KRAFT CANADA,Content will be updated,Content will be updated,,,,,,,100,0,1,0,0,1,1,1,0,1,1,,0,1,0,1,0,1,0,1,0,0,0,1,RITZ ORIGINAL,0,simple,,,,,,,,,,,,,,,,,,,,,,,,,
admin,base,Grocery,simple,"4,11,41",gro0127,0,6672102001,SOFT SNACK 44 TWIN WRAPPED,,,,,,,,,1 column,Product Info Column,Use config,Use config,,,,CHRISTIE,,,,35.55,,0.36,,,Enabled,No,"Catalog, Search",Taxable Goods,OREO 44TERS,OREO 44TERS,,,,,,KRAFT CANADA,Content will be updated,Content will be updated,,,,,,,100,0,1,0,0,1,1,1,0,1,1,,0,1,0,1,0,1,0,1,0,0,0,1,SOFT SNACK 44 TWIN WRAPPED,0,simple,,,,,,,,,,,,,,,,,,,,,,,,,
admin,base,Grocery,simple,"4,12,48",gro0128,0,6672102039,TRISCUIT ORIGINAL,,,,,,,,,1 column,Product Info Column,Use config,Use config,,,,CHRISTIE,,,,35.55,,0.225,,,Enabled,No,"Catalog, Search",Taxable Goods,CRACKERS,CRACKERS,,,,,,KRAFT CANADA,Content will be updated,Content will be updated,,,,,,,100,0,1,0,0,1,1,1,0,1,1,,0,1,0,1,0,1,0,1,0,0,0,1,TRISCUIT ORIGINAL,0,simple,,,,,,,,,,,,,,,,,,,,,,,,,
admin,base,Grocery,simple,"4,10,50",gro0129,0,6672102042,WHEAT THINS ORIGINAL,,,,,,,,,1 column,Product Info Column,Use config,Use config,,,,CHRISTIE,,,,35.55,,0.25,,,Enabled,No,"Catalog, Search",Taxable Goods,CRACKERS,CRACKERS,,,,,,KRAFT CANADA,Content will be updated,Content will be updated,,,,,,,100,0,1,0,0,1,1,1,0,1,1,,0,1,0,1,0,1,0,1,0,0,0,1,WHEAT THINS ORIGINAL,0,simple,,,,,,,,,,,,,,,,,,,,,,,,,
admin,base,Grocery,simple,"4,11,45",gro0130,0,6672102043,VEGETABLE THINS ORIGINAL,,,,,,,,,1 column,Product Info Column,Use config,Use config,,,,CHRISTIE,,,,35.55,,0.2,,,Enabled,No,"Catalog, Search",Taxable Goods,CRACKERS,CRACKERS,,,,,,KRAFT CANADA,Content will be updated,Content will be updated,,,,,,,100,0,1,0,0,1,1,1,0,1,1,,0,1,0,1,0,1,0,1,0,0,0,1,VEGETABLE THINS ORIGINAL,0,simple,,,,,,,,,,,,,,,,,,,,,,,,,
admin,base,Grocery,simple,"4,12,49",gro0131,0,6672102075,CRISPERS JALAPENO & SALSA,,,,,,,,,1 column,Product Info Column,Use config,Use config,,,,CHRISTIE,,,,35.55,,0.2,,,Enabled,No,"Catalog, Search",Taxable Goods,CRACKERS,CRACKERS,,,,,,KRAFT CANADA,Content will be updated,Content will be updated,,,,,,,100,0,1,0,0,1,1,1,0,1,1,,0,1,0,1,0,1,0,1,0,0,0,1,CRISPERS JALAPENO & SALSA,0,simple,,,,,,,,,,,,,,,,,,,,,,,,,
admin,base,Grocery,simple,"4,10,44",gro0132,0,6672102079,RITZ ROASTED VEGETABLE,,,,,,,,,1 column,Product Info Column,Use config,Use config,,,,CHRISTIE,,,,35.55,,0.225,,,Enabled,No,"Catalog, Search",Taxable Goods,CRACKERS,CRACKERS,,,,,,KRAFT CANADA,Content will be updated,Content will be updated,,,,,,,100,0,1,0,0,1,1,1,0,1,1,,0,1,0,1,0,1,0,1,0,0,0,1,RITZ ROASTED VEGETABLE,0,simple,,,,,,,,,,,,,,,,,,,,,,,,,
admin,base,Grocery,simple,"4,11,42",gro0133,0,6672101881,RITZ BAKED WITH 100% WHOLE GRAIN,,,,,,,,,1 column,Product Info Column,Use config,Use config,,,,CHRISTIE,,,,35.55,,0.225,,,Enabled,No,"Catalog, Search",Taxable Goods,CRACKERS,CRACKERS,,,,,,KRAFT CANADA,Content will be updated,Content will be updated,,,,,,,100,0,1,0,0,1,1,1,0,1,1,,0,1,0,1,0,1,0,1,0,0,0,1,RITZ BAKED WITH 100% WHOLE GRAIN,0,simple,,,,,,,,,,,,,,,,,,,,,,,,,
admin,base,Grocery,simple,"4,12,41",gro0134,0,6672101882,VEGETABLE THINS 100% WHOLE GRAIN,,,,,,,,,1 column,Product Info Column,Use config,Use config,,,,CHRISTIE,,,,35.55,,0.2,,,Enabled,No,"Catalog, Search",Taxable Goods,CRACKERS,CRACKERS,,,,,,KRAFT CANADA,Content will be updated,Content will be updated,,,,,,,100,0,1,0,0,1,1,1,0,1,1,,0,1,0,1,0,1,0,1,0,0,0,1,VEGETABLE THINS 100% WHOLE GRAIN,0,simple,,,,,,,,,,,,,,,,,,,,,,,,,
admin,base,Grocery,simple,"4,10,48",gro0135,0,6672101883,WHEAT THINS BAKED W/100% WHOLE GRAIN,,,,,,,,,1 column,Product Info Column,Use config,Use config,,,,CHRISTIE,,,,35.55,,0.25,,,Enabled,No,"Catalog, Search",Taxable Goods,CRACKERS,CRACKERS,,,,,,KRAFT CANADA,Content will be updated,Content will be updated,,,,,,,100,0,1,0,0,1,1,1,0,1,1,,0,1,0,1,0,1,0,1,0,0,0,1,WHEAT THINS BAKED W/100% WHOLE GRAIN,0,simple,,,,,,,,,,,,,,,,,,,,,,,,,
admin,base,Grocery,simple,"4,11,50",gro0136,0,6672101972,RITZ ENTERTAINING SELECTIONS PREMIER COLLECTION BUTTERCRISP,,,,,,,,,1 column,Product Info Column,Use config,Use config,,,,CHRISTIE,,,,35.55,,0.225,,,Enabled,No,"Catalog, Search",Taxable Goods,CRACKERS,CRACKERS,,,,,,KRAFT CANADA,Content will be updated,Content will be updated,,,,,,,100,0,1,0,0,1,1,1,0,1,1,,0,1,0,1,0,1,0,1,0,0,0,1,RITZ ENTERTAINING SELECTIONS PREMIER COLLECTION BUTTERCRISP,0,simple,,,,,,,,,,,,,,,,,,,,,,,,,
admin,base,Grocery,simple,"4,12,45",gro0137,0,6672101983,RITZ THINSATIONS THIN CRISP 6 PACKS,,,,,,,,,1 column,Product Info Column,Use config,Use config,,,,CHRISTIE,,,,35.55,,0.132,,,Enabled,No,"Catalog, Search",Taxable Goods,CRACKERS,CRACKERS,,,,,,KRAFT CANADA,Content will be updated,Content will be updated,,,,,,,100,0,1,0,0,1,1,1,0,1,1,,0,1,0,1,0,1,0,1,0,0,0,1,RITZ THINSATIONS THIN CRISP 6 PACKS,0,simple,,,,,,,,,,,,,,,,,,,,,,,,,
admin,base,Grocery,simple,"4,10,49",gro0138,0,6672101985,THINSATIONS THIN CRISP CHEESE NIPS 6 PACK,,,,,,,,,1 column,Product Info Column,Use config,Use config,,,,CHRISTIE,,,,35.55,,0.126,,,Enabled,No,"Catalog, Search",Taxable Goods,CRACKERS,CRACKERS,,,,,,KRAFT CANADA,Content will be updated,Content will be updated,,,,,,,100,0,1,0,0,1,1,1,0,1,1,,0,1,0,1,0,1,0,1,0,0,0,1,THINSATIONS THIN CRISP CHEESE NIPS 6 PACK,0,simple,,,,,,,,,,,,,,,,,,,,,,,,,
admin,base,Grocery,simple,"4,11,44",gro0139,0,6672101989,RITZ THINSATIONS & CHEESE NIPS 2-12 PACKS,,,,,,,,,1 column,Product Info Column,Use config,Use config,,,,CHRISTIE,,,,35.55,,0.516,,,Enabled,No,"Catalog, Search",Taxable Goods,CRACKERS,CRACKERS,,,,,,KRAFT CANADA,Content will be updated,Content will be updated,,,,,,,100,0,1,0,0,1,1,1,0,1,1,,0,1,0,1,0,1,0,1,0,0,0,1,RITZ THINSATIONS & CHEESE NIPS 2-12 PACKS,0,simple,,,,,,,,,,,,,,,,,,,,,,,,,
admin,base,Grocery,simple,"4,12,42",gro0140,0,6672102024,RITZ REAL CHEDDAR CHEESE,,,,,,,,,1 column,Product Info Column,Use config,Use config,,,,CHRISTIE,,,,35.55,,0.225,,,Enabled,No,"Catalog, Search",Taxable Goods,CRACKERS,CRACKERS,,,,,,KRAFT CANADA,Content will be updated,Content will be updated,,,,,,,100,0,1,0,0,1,1,1,0,1,1,,0,1,0,1,0,1,0,1,0,0,0,1,RITZ REAL CHEDDAR CHEESE,0,simple,,,,,,,,,,,,,,,,,,,,,,,,,
admin,base,Grocery,simple,"4,10,41",gro0141,0,6672102025,RITZ REAL CHEDDAR CHEESE,,,,,,,,,1 column,Product Info Column,Use config,Use config,,,,CHRISTIE,,,,35.55,,0.4,,,Enabled,No,"Catalog, Search",Taxable Goods,CRACKERS,CRACKERS,,,,,,KRAFT CANADA,Content will be updated,Content will be updated,,,,,,,100,0,1,0,0,1,1,1,0,1,1,,0,1,0,1,0,1,0,1,0,0,0,1,RITZ REAL CHEDDAR CHEESE,0,simple,,,,,,,,,,,,,,,,,,,,,,,,,
admin,base,Grocery,simple,"4,11,48",gro0142,0,6672102026,RITZ HOLIDAY,,,,,,,,,1 column,Product Info Column,Use config,Use config,,,,CHRISTIE,,,,35.55,,0.2,,,Enabled,No,"Catalog, Search",Taxable Goods,CRACKERS,CRACKERS,,,,,,KRAFT CANADA,Content will be updated,Content will be updated,,,,,,,100,0,1,0,0,1,1,1,0,1,1,,0,1,0,1,0,1,0,1,0,0,0,1,RITZ HOLIDAY,0,simple,,,,,,,,,,,,,,,,,,,,,,,,,
admin,base,Grocery,simple,"4,12,50",gro0143,0,6672102027,RITZ STICKS MULTIGRAIN,,,,,,,,,1 column,Product Info Column,Use config,Use config,,,,CHRISTIE,,,,35.55,,0.2,,,Enabled,No,"Catalog, Search",Taxable Goods,CRACKERS,CRACKERS,,,,,,KRAFT CANADA,Content will be updated,Content will be updated,,,,,,,100,0,1,0,0,1,1,1,0,1,1,,0,1,0,1,0,1,0,1,0,0,0,1,RITZ STICKS MULTIGRAIN,0,simple,,,,,,,,,,,,,,,,,,,,,,,,,
admin,base,Grocery,simple,"4,10,45",gro0144,0,6672102028,HOLIDAY LIMITED EDITION,,,,,,,,,1 column,Product Info Column,Use config,Use config,,,,CHRISTIE,,,,35.55,,0.2,,,Enabled,No,"Catalog, Search",Taxable Goods,CRACKERS,CRACKERS,,,,,,KRAFT CANADA,Content will be updated,Content will be updated,,,,,,,100,0,1,0,0,1,1,1,0,1,1,,0,1,0,1,0,1,0,1,0,0,0,1,HOLIDAY LIMITED EDITION,0,simple,,,,,,,,,,,,,,,,,,,,,,,,,
admin,base,Grocery,simple,"4,11,49",gro0145,0,6672102030,SOCIABLES,,,,,,,,,1 column,Product Info Column,Use config,Use config,,,,CHRISTIE,,,,35.55,,0.225,,,Enabled,No,"Catalog, Search",Taxable Goods,CRACKERS,CRACKERS,,,,,,KRAFT CANADA,Content will be updated,Content will be updated,,,,,,,100,0,1,0,0,1,1,1,0,1,1,,0,1,0,1,0,1,0,1,0,0,0,1,SOCIABLES,0,simple,,,,,,,,,,,,,,,,,,,,,,,,,
admin,base,Grocery,simple,"4,12,44",gro0146,0,6672102031,CRACKERS SOUR CREAM & CHIVES,,,,,,,,,1 column,Product Info Column,Use config,Use config,,,,CHRISTIE,,,,35.55,,0.225,,,Enabled,No,"Catalog, Search",Taxable Goods,CRACKERS,CRACKERS,,,,,,KRAFT CANADA,Content will be updated,Content will be updated,,,,,,,100,0,1,0,0,1,1,1,0,1,1,,0,1,0,1,0,1,0,1,0,0,0,1,CRACKERS SOUR CREAM & CHIVES,0,simple,,,,,,,,,,,,,,,,,,,,,,,,,
admin,base,Grocery,simple,"4,10,42",gro0147,0,6672102032,SWISS CHEESE,,,,,,,,,1 column,Product Info Column,Use config,Use config,,,,CHRISTIE,,,,35.55,,0.225,,,Enabled,No,"Catalog, Search",Taxable Goods,CRACKERS,CRACKERS,,,,,,KRAFT CANADA,Content will be updated,Content will be updated,,,,,,,100,0,1,0,0,1,1,1,0,1,1,,0,1,0,1,0,1,0,1,0,0,0,1,SWISS CHEESE,0,simple,,,,,,,,,,,,,,,,,,,,,,,,,
admin,base,Grocery,simple,"4,11,41",gro0148,0,7337335139,RITZ BITS SANDWICHES W/REAL CHEESE,,,,,,,,,1 column,Product Info Column,Use config,Use config,,,,CHRISTIE,,,,35.55,,0.05,,,Enabled,No,"Catalog, Search",Taxable Goods,CRACKERS,CRACKERS,,,,,,KRAFT CANADA,Content will be updated,Content will be updated,,,,,,,100,0,1,0,0,1,1,1,0,1,1,,0,1,0,1,0,1,0,1,0,0,0,1,RITZ BITS SANDWICHES W/REAL CHEESE,0,simple,,,,,,,,,,,,,,,,,,,,,,,,,
admin,base,Grocery,simple,"4,12,48",gro0149,0,7337335143,CRISPERS BARBECUE,,,,,,,,,1 column,Product Info Column,Use config,Use config,,,,CHRISTIE,,,,35.55,,0.05,,,Enabled,No,"Catalog, Search",Taxable Goods,CRACKERS,CRACKERS,,,,,,KRAFT CANADA,Content will be updated,Content will be updated,,,,,,,100,0,1,0,0,1,1,1,0,1,1,,0,1,0,1,0,1,0,1,0,0,0,1,CRISPERS BARBECUE,0,simple,,,,,,,,,,,,,,,,,,,,,,,,,
admin,base,Grocery,simple,"4,10,50",gro0150,0,7337335144,CRISPERS RANCH,,,,,,,,,1 column,Product Info Column,Use config,Use config,,,,CHRISTIE,,,,35.55,,0.05,,,Enabled,No,"Catalog, Search",Taxable Goods,CRACKERS,CRACKERS,,,,,,KRAFT CANADA,Content will be updated,Content will be updated,,,,,,,100,0,1,0,0,1,1,1,0,1,1,,0,1,0,1,0,1,0,1,0,0,0,1,CRISPERS RANCH,0,simple,,,,,,,,,,,,,,,,,,,,,,,,,
admin,base,Grocery,simple,"4,11,45",gro0151,0,7337335145,CRISPERS SALT & VINEGAR,,,,,,,,,1 column,Product Info Column,Use config,Use config,,,,CHRISTIE,,,,35.55,,0.05,,,Enabled,No,"Catalog, Search",Taxable Goods,CRACKERS,CRACKERS,,,,,,KRAFT CANADA,Content will be updated,Content will be updated,,,,,,,100,0,1,0,0,1,1,1,0,1,1,,0,1,0,1,0,1,0,1,0,0,0,1,CRISPERS SALT & VINEGAR,0,simple,,,,,,,,,,,,,,,,,,,,,,,,,
admin,base,Grocery,simple,"4,12,49",gro0152,0,6672101082,HONEY MAID,,,,,,,,,1 column,Product Info Column,Use config,Use config,,,,CHRISTIE,,,,35.55,,0.4,,,Enabled,No,"Catalog, Search",Taxable Goods,GRAHAM CRUMBS,GRAHAM CRUMBS,,,,,,KRAFT CANADA,Content will be updated,Content will be updated,,,,,,,100,0,1,0,0,1,1,1,0,1,1,,0,1,0,1,0,1,0,1,0,0,0,1,HONEY MAID,0,simple,,,,,,,,,,,,,,,,,,,,,,,,,
admin,base,Grocery,simple,"4,10,44",gro0153,0,6672101452,BITS & BITES ORIGINAL 2 MEGA BAGS,,,,,,,,,1 column,Product Info Column,Use config,Use config,,,,CHRISTIE,,,,35.55,,80.05,,,Enabled,No,"Catalog, Search",Taxable Goods,SNACK MIX,SNACK MIX,,,,,,KRAFT CANADA,Content will be updated,Content will be updated,,,,,,,100,0,1,0,0,1,1,1,0,1,1,,0,1,0,1,0,1,0,1,0,0,0,1,BITS & BITES ORIGINAL 2 MEGA BAGS,0,simple,,,,,,,,,,,,,,,,,,,,,,,,,
admin,base,Grocery,simple,"4,11,42",gro0154,0,6672101482,BITS & BITES SOUR CREAM & ONION,,,,,,,,,1 column,Product Info Column,Use config,Use config,,,,CHRISTIE,,,,35.55,,0.2,,,Enabled,No,"Catalog, Search",Taxable Goods,SNACK MIX,SNACK MIX,,,,,,KRAFT CANADA,Content will be updated,Content will be updated,,,,,,,100,0,1,0,0,1,1,1,0,1,1,,0,1,0,1,0,1,0,1,0,0,0,1,BITS & BITES SOUR CREAM & ONION,0,simple,,,,,,,,,,,,,,,,,,,,,,,,,
admin,base,Grocery,simple,"4,12,41",gro0155,0,6672101597,BITS & BITES BAKED BARBECUE,,,,,,,,,1 column,Product Info Column,Use config,Use config,,,,CHRISTIE,,,,35.55,,0.225,,,Enabled,No,"Catalog, Search",Taxable Goods,SNACK MIX,SNACK MIX,,,,,,KRAFT CANADA,Content will be updated,Content will be updated,,,,,,,100,0,1,0,0,1,1,1,0,1,1,,0,1,0,1,0,1,0,1,0,0,0,1,BITS & BITES BAKED BARBECUE,0,simple,,,,,,,,,,,,,,,,,,,,,,,,,
admin,base,Grocery,simple,"4,10,48",gro0156,0,6672101619,BITS & BITES NACHO CHEESE W/MINI TORTILLA CHIPS,,,,,,,,,1 column,Product Info Column,Use config,Use config,,,,CHRISTIE,,,,35.55,,0.2,,,Enabled,No,"Catalog, Search",Taxable Goods,SNACK MIX,SNACK MIX,,,,,,KRAFT CANADA,Content will be updated,Content will be updated,,,,,,,100,0,1,0,0,1,1,1,0,1,1,,0,1,0,1,0,1,0,1,0,0,0,1,BITS & BITES NACHO CHEESE W/MINI TORTILLA CHIPS,0,simple,,,,,,,,,,,,,,,,,,,,,,,,,
admin,base,Grocery,simple,"4,11,50",gro0157,0,6672101635,BITS & BITES CHEDDAR BAKED,,,,,,,,,1 column,Product Info Column,Use config,Use config,,,,CHRISTIE,,,,35.55,,0.225,,,Enabled,No,"Catalog, Search",Taxable Goods,SNACK MIX,SNACK MIX,,,,,,KRAFT CANADA,Content will be updated,Content will be updated,,,,,,,100,0,1,0,0,1,1,1,0,1,1,,0,1,0,1,0,1,0,1,0,0,0,1,BITS & BITES CHEDDAR BAKED,0,simple,,,,,,,,,,,,,,,,,,,,,,,,,
admin,base,Grocery,simple,"4,12,45",gro0158,0,6672101636,BITS & BITES ORIGINAL BAKED,,,,,,,,,1 column,Product Info Column,Use config,Use config,,,,CHRISTIE,,,,35.55,,0.225,,,Enabled,No,"Catalog, Search",Taxable Goods,SNACK MIX,SNACK MIX,,,,,,KRAFT CANADA,Content will be updated,Content will be updated,,,,,,,100,0,1,0,0,1,1,1,0,1,1,,0,1,0,1,0,1,0,1,0,0,0,1,BITS & BITES ORIGINAL BAKED,0,simple,,,,,,,,,,,,,,,,,,,,,,,,,
admin,base,Grocery,simple,"4,10,49",gro0159,0,6672101649,BITS & BITES 33% LESS SODIUM BAKED NOT FRIED,,,,,,,,,1 column,Product Info Column,Use config,Use config,,,,CHRISTIE,,,,35.55,,0.2,,,Enabled,No,"Catalog, Search",Taxable Goods,SNACK MIX,SNACK MIX,,,,,,KRAFT CANADA,Content will be updated,Content will be updated,,,,,,,100,0,1,0,0,1,1,1,0,1,1,,0,1,0,1,0,1,0,1,0,0,0,1,BITS & BITES 33% LESS SODIUM BAKED NOT FRIED,0,simple,,,,,,,,,,,,,,,,,,,,,,,,,
admin,base,Grocery,simple,"4,11,44",gro0160,0,6672101673,BITS & BITES SNAK PAKS 6 POUCHES,,,,,,,,,1 column,Product Info Column,Use config,Use config,,,,CHRISTIE,,,,35.55,,0.168,,,Enabled,No,"Catalog, Search",Taxable Goods,SNACK MIX,SNACK MIX,,,,,,KRAFT CANADA,Content will be updated,Content will be updated,,,,,,,100,0,1,0,0,1,1,1,0,1,1,,0,1,0,1,0,1,0,1,0,0,0,1,BITS & BITES SNAK PAKS 6 POUCHES,0,simple,,,,,,,,,,,,,,,,,,,,,,,,,
admin,base,Grocery,simple,"4,12,42",gro0161,0,6672101679,CHEESE NIPS PARTY MIX,,,,,,,,,1 column,Product Info Column,Use config,Use config,,,,CHRISTIE,,,,35.55,,0.2,,,Enabled,No,"Catalog, Search",Taxable Goods,SNACK MIX,SNACK MIX,,,,,,KRAFT CANADA,Content will be updated,Content will be updated,,,,,,,100,0,1,0,0,1,1,1,0,1,1,,0,1,0,1,0,1,0,1,0,0,0,1,CHEESE NIPS PARTY MIX,0,simple,,,,,,,,,,,,,,,,,,,,,,,,,
admin,base,Grocery,simple,"4,10,41",gro0162,0,6672101984,THINSATIONS BITS & BITES ORIGINAL 22 G PACKS,,,,,,,,,1 column,Product Info Column,Use config,Use config,,,,CHRISTIE,,,,35.55,,0.6,,,Enabled,No,"Catalog, Search",Taxable Goods,SNACK MIX,SNACK MIX,,,,,,KRAFT CANADA,Content will be updated,Content will be updated,,,,,,,100,0,1,0,0,1,1,1,0,1,1,,0,1,0,1,0,1,0,1,0,0,0,1,THINSATIONS BITS & BITES ORIGINAL 22 G PACKS,0,simple,,,,,,,,,,,,,,,,,,,,,,,,,
admin,base,Grocery,simple,"4,11,48",gro0163,0,6672102010,BITS & BITES SPICY SWEET CHILI,,,,,,,,,1 column,Product Info Column,Use config,Use config,,,,CHRISTIE,,,,35.55,,0.2,,,Enabled,No,"Catalog, Search",Taxable Goods,SNACK MIX,SNACK MIX,,,,,,KRAFT CANADA,Content will be updated,Content will be updated,,,,,,,100,0,1,0,0,1,1,1,0,1,1,,0,1,0,1,0,1,0,1,0,0,0,1,BITS & BITES SPICY SWEET CHILI,0,simple,,,,,,,,,,,,,,,,,,,,,,,,,
admin,base,Grocery,simple,"4,12,50",gro0164,0,6672102011,BITS & BITES HONEY & ROASTED GARLIC,,,,,,,,,1 column,Product Info Column,Use config,Use config,,,,CHRISTIE,,,,35.55,,0.2,,,Enabled,No,"Catalog, Search",Taxable Goods,SNACK MIX,SNACK MIX,,,,,,KRAFT CANADA,Content will be updated,Content will be updated,,,,,,,100,0,1,0,0,1,1,1,0,1,1,,0,1,0,1,0,1,0,1,0,0,0,1,BITS & BITES HONEY & ROASTED GARLIC,0,simple,,,,,,,,,,,,,,,,,,,,,,,,,
admin,base,Grocery,simple,"4,10,45",gro0165,0,7337335141,ORIGINAL BITS & BITES,,,,,,,,,1 column,Product Info Column,Use config,Use config,,,,CHRISTIE,,,,35.55,,0.05,,,Enabled,No,"Catalog, Search",Taxable Goods,SNACK MIX,SNACK MIX,,,,,,KRAFT CANADA,Content will be updated,Content will be updated,,,,,,,100,0,1,0,0,1,1,1,0,1,1,,0,1,0,1,0,1,0,1,0,0,0,1,ORIGINAL BITS & BITES,0,simple,,,,,,,,,,,,,,,,,,,,,,,,,
admin,base,Grocery,simple,"4,11,49",gro0166,0,6672101965,WAFERSTIX PEANUT BUTTER 10 PACKS,,,,,,,,,1 column,Product Info Column,Use config,Use config,,,,CHRISTIE,,,,35.55,,0.28,,,Enabled,No,"Catalog, Search",Taxable Goods,WAFER COOKIES,WAFER COOKIES,,,,,,KRAFT CANADA,Content will be updated,Content will be updated,,,,,,,100,0,1,0,0,1,1,1,0,1,1,,0,1,0,1,0,1,0,1,0,0,0,1,WAFERSTIX PEANUT BUTTER 10 PACKS,0,simple,,,,,,,,,,,,,,,,,,,,,,,,,
admin,base,Grocery,simple,"4,12,44",gro0167,0,6672101966,CHIPS AHOY! WAFERSTIX 10 PACK,,,,,,,,,1 column,Product Info Column,Use config,Use config,,,,CHRISTIE,,,,35.55,,0.28,,,Enabled,No,"Catalog, Search",Taxable Goods,WAFER COOKIES,WAFER COOKIES,,,,,,KRAFT CANADA,Content will be updated,Content will be updated,,,,,,,100,0,1,0,0,1,1,1,0,1,1,,0,1,0,1,0,1,0,1,0,0,0,1,CHIPS AHOY! WAFERSTIX 10 PACK,0,simple,,,,,,,,,,,,,,,,,,,,,,,,,
admin,base,Grocery,simple,"4,10,42",gro0168,0,6672101982,FUGEE-O WAFER STIX MADE W/MILK CHOCOLATE 10 PACKS,,,,,,,,,1 column,Product Info Column,Use config,Use config,,,,CHRISTIE,,,,35.55,,0.028,,,Enabled,No,"Catalog, Search",Taxable Goods,WAFER COOKIES,WAFER COOKIES,,,,,,KRAFT CANADA,Content will be updated,Content will be updated,,,,,,,100,0,1,0,0,1,1,1,0,1,1,,0,1,0,1,0,1,0,1,0,0,0,1,FUGEE-O WAFER STIX MADE W/MILK CHOCOLATE 10 PACKS,0,simple,,,,,,,,,,,,,,,,,,,,,,,,,
admin,base,Grocery,simple,"4,11,41",gro0169,0,6672101011,HONEY MAID BISCUITS GRAHAM,,,,,,,,,1 column,Product Info Column,Use config,Use config,,,,CHRISTIE,,,,35.55,,0.6,,,Enabled,No,"Catalog, Search",Taxable Goods,WAFERS,WAFERS,,,,,,KRAFT CANADA,Content will be updated,Content will be updated,,,,,,,100,0,1,0,0,1,1,1,0,1,1,,0,1,0,1,0,1,0,1,0,0,0,1,HONEY MAID BISCUITS GRAHAM,0,simple,,,,,,,,,,,,,,,,,,,,,,,,,
admin,base,Grocery,simple,"4,12,48",gro0170,0,6672101620,HONEY MAID GRAHAM,,,,,,,,,1 column,Product Info Column,Use config,Use config,,,,CHRISTIE,,,,35.55,,0.4,,,Enabled,No,"Catalog, Search",Taxable Goods,WAFERS,WAFERS,,,,,,KRAFT CANADA,Content will be updated,Content will be updated,,,,,,,100,0,1,0,0,1,1,1,0,1,1,,0,1,0,1,0,1,0,1,0,0,0,1,HONEY MAID GRAHAM,0,simple,,,,,,,,,,,,,,,,,,,,,,,,,
admin,base,Grocery,simple,"4,10,50",gro0171,0,6672101763,HONEY MAID GRAHAM,,,,,,,,,1 column,Product Info Column,Use config,Use config,,,,CLAUSSEN,,,,35.55,,1.2,,,Enabled,No,"Catalog, Search",Taxable Goods,WAFERS,WAFERS,,,,,,KRAFT CANADA,Content will be updated,Content will be updated,,,,,,,100,0,1,0,0,1,1,1,0,1,1,,0,1,0,1,0,1,0,1,0,0,0,1,HONEY MAID GRAHAM,0,simple,,,,,,,,,,,,,,,,,,,,,,,,,
admin,base,Grocery,simple,"4,11,45",gro0172,0,4470009204,KOSHER DILL WHOLE,,,,,,,,,1 column,Product Info Column,Use config,Use config,,,,CLAUSSEN,,,,35.55,,0.75,,,Enabled,No,"Catalog, Search",Taxable Goods,PICKLES,PICKLES,,,,,,KRAFT CANADA,Content will be updated,Content will be updated,,,,,,,100,0,1,0,0,1,1,1,0,1,1,,0,1,0,1,0,1,0,1,0,0,0,1,KOSHER DILL WHOLE,0,simple,,,,,,,,,,,,,,,,,,,,,,,,,
admin,base,Grocery,simple,"4,12,49",gro0173,0,4470009209,KOSHER DILL HALVES,,,,,,,,,1 column,Product Info Column,Use config,Use config,,,,COOL WHIP,,,,35.55,,0.75,,,Enabled,No,"Catalog, Search",Taxable Goods,PICKLES,PICKLES,,,,,,KRAFT CANADA,Content will be updated,Content will be updated,,,,,,,100,0,1,0,0,1,1,1,0,1,1,,0,1,0,1,0,1,0,1,0,0,0,1,KOSHER DILL HALVES,0,simple,,,,,,,,,,,,,,,,,,,,,,,,,
admin,base,Grocery,simple,"4,10,44",gro0174,0,6618806160,LIGHT,,,,,,,,,1 column,Product Info Column,Use config,Use config,,,,COOL WHIP,,,,35.55,,1,,,Enabled,No,"Catalog, Search",Taxable Goods,WHIPPED TOPPING,WHIPPED TOPPING,,,,,,KRAFT CANADA,Content will be updated,Content will be updated,,,,,,,100,0,1,0,0,1,1,1,0,1,1,,0,1,0,1,0,1,0,1,0,0,0,1,LIGHT,0,simple,,,,,,,,,,,,,,,,,,,,,,,,,
admin,base,Grocery,simple,"4,11,42",gro0175,0,6618806180,LID,,,,,,,,,1 column,Product Info Column,Use config,Use config,,,,COOL WHIP,,,,35.55,,1,,,Enabled,No,"Catalog, Search",Taxable Goods,WHIPPED TOPPING,WHIPPED TOPPING,,,,,,KRAFT CANADA,Content will be updated,Content will be updated,,,,,,,100,0,1,0,0,1,1,1,0,1,1,,0,1,0,1,0,1,0,1,0,0,0,1,LID,0,simple,,,,,,,,,,,,,,,,,,,,,,,,,
admin,base,Grocery,simple,"4,12,41",gro0176,0,6618806220,95% FAT FREE,,,,,,,,,1 column,Product Info Column,Use config,Use config,,,,CTE D'OR,,,,35.55,,1,,,Enabled,No,"Catalog, Search",Taxable Goods,WHIPPED TOPPING,WHIPPED TOPPING,,,,,,KRAFT CANADA,Content will be updated,Content will be updated,,,,,,,100,0,1,0,0,1,1,1,0,1,1,,0,1,0,1,0,1,0,1,0,0,0,1,95% FAT FREE,0,simple,,,,,,,,,,,,,,,,,,,,,,,,,
admin,base,Grocery,simple,"4,10,48",gro0177,0,7022100780,EXPRIENCES MIGNONNETTE MILK CHOCOLATE,,,,,,,,,1 column,Product Info Column,Use config,Use config,,,,CTE D'OR,,,,35.55,,0.17,,,Enabled,No,"Catalog, Search",Taxable Goods,CANDY,CANDY,,,,,,KRAFT CANADA,Content will be updated,Content will be updated,,,,,,,100,0,1,0,0,1,1,1,0,1,1,,0,1,0,1,0,1,0,1,0,0,0,1,EXPRIENCES MIGNONNETTE MILK CHOCOLATE,0,simple,,,,,,,,,,,,,,,,,,,,,,,,,
admin,base,Grocery,simple,"4,11,50",gro0178,0,7022156755,EXPRIENCES CREAMY MILK CHOCOLATE,,,,,,,,,1 column,Product Info Column,Use config,Use config,,,,CTE D'OR,,,,35.55,,0.1,,,Enabled,No,"Catalog, Search",Taxable Goods,CANDY,CANDY,,,,,,KRAFT CANADA,Content will be updated,Content will be updated,,,,,,,100,0,1,0,0,1,1,1,0,1,1,,0,1,0,1,0,1,0,1,0,0,0,1,EXPRIENCES CREAMY MILK CHOCOLATE,0,simple,,,,,,,,,,,,,,,,,,,,,,,,,
admin,base,Grocery,simple,"4,12,45",gro0179,0,7022156759,EXPRIENCES DARK CHOCOLATE 70% CACAO,,,,,,,,,1 column,Product Info Column,Use config,Use config,,,,CTE D'OR,,,,35.55,,0.1,,,Enabled,No,"Catalog, Search",Taxable Goods,CANDY,CANDY,,,,,,KRAFT CANADA,Content will be updated,Content will be updated,,,,,,,100,0,1,0,0,1,1,1,0,1,1,,0,1,0,1,0,1,0,1,0,0,0,1,EXPRIENCES DARK CHOCOLATE 70% CACAO,0,simple,,,,,,,,,,,,,,,,,,,,,,,,,
admin,base,Grocery,simple,"4,10,49",gro0180,0,7022156813,EXPRIENCES DARK CHOCOLATE W/CARAMELIZED PISTACHIO PIECES,,,,,,,,,1 column,Product Info Column,Use config,Use config,,,,CTE D'OR,,,,35.55,,0.1,,,Enabled,No,"Catalog, Search",Taxable Goods,CANDY,CANDY,,,,,,KRAFT CANADA,Content will be updated,Content will be updated,,,,,,,100,0,1,0,0,1,1,1,0,1,1,,0,1,0,1,0,1,0,1,0,0,0,1,EXPRIENCES DARK CHOCOLATE W/CARAMELIZED PISTACHIO PIECES,0,simple,,,,,,,,,,,,,,,,,,,,,,,,,
admin,base,Grocery,simple,"4,11,44",gro0181,0,7022156815,EXPRIENCES MILK CHOCOLATE W/CARAMELIZED ALMOND PIECES,,,,,,,,,1 column,Product Info Column,Use config,Use config,,,,CTE D'OR,,,,35.55,,0.1,,,Enabled,No,"Catalog, Search",Taxable Goods,CANDY,CANDY,,,,,,KRAFT CANADA,Content will be updated,Content will be updated,,,,,,,100,0,1,0,0,1,1,1,0,1,1,,0,1,0,1,0,1,0,1,0,0,0,1,EXPRIENCES MILK CHOCOLATE W/CARAMELIZED ALMOND PIECES,0,simple,,,,,,,,,,,,,,,,,,,,,,,,,
admin,base,Grocery,simple,"4,12,42",gro0182,0,7022156826,EXPRIENCES DARK CHOCOLATE 86% CACAO,,,,,,,,,1 column,Product Info Column,Use config,Use config,,,,CTE D'OR,,,,35.55,,0.1,,,Enabled,No,"Catalog, Search",Taxable Goods,CANDY,CANDY,,,,,,KRAFT CANADA,Content will be updated,Content will be updated,,,,,,,100,0,1,0,0,1,1,1,0,1,1,,0,1,0,1,0,1,0,1,0,0,0,1,EXPRIENCES DARK CHOCOLATE 86% CACAO,0,simple,,,,,,,,,,,,,,,,,,,,,,,,,
admin,base,Grocery,simple,"4,10,41",gro0183,0,0,DARK,,,,,,,,,1 column,Product Info Column,Use config,Use config,,,,CTE D'OR,,,,35.55,,0.1,,,Enabled,No,"Catalog, Search",Taxable Goods,CHOCOLATE,CHOCOLATE,,,,,,KRAFT CANADA,Content will be updated,Content will be updated,,,,,,,100,0,1,0,0,1,1,1,0,1,1,,0,1,0,1,0,1,0,1,0,0,0,1,DARK,0,simple,,,,,,,,,,,,,,,,,,,,,,,,,
admin,base,Grocery,simple,"4,11,48",gro0184,0,7022110177,DARK,,,,,,,,,1 column,Product Info Column,Use config,Use config,,,,CTE D'OR,,,,35.55,,0.047,,,Enabled,No,"Catalog, Search",Taxable Goods,CHOCOLATE,CHOCOLATE,,,,,,KRAFT CANADA,Content will be updated,Content will be updated,,,,,,,100,0,1,0,0,1,1,1,0,1,1,,0,1,0,1,0,1,0,1,0,0,0,1,DARK,0,simple,,,,,,,,,,,,,,,,,,,,,,,,,
admin,base,Grocery,simple,"4,12,50",gro0185,0,7022110178,MILK,,,,,,,,,1 column,Product Info Column,Use config,Use config,,,,CTE D'OR,,,,35.55,,0.1,,,Enabled,No,"Catalog, Search",Taxable Goods,CHOCOLATE,CHOCOLATE,,,,,,KRAFT CANADA,Content will be updated,Content will be updated,,,,,,,100,0,1,0,0,1,1,1,0,1,1,,0,1,0,1,0,1,0,1,0,0,0,1,MILK,0,simple,,,,,,,,,,,,,,,,,,,,,,,,,
admin,base,Grocery,simple,"4,10,45",gro0186,0,7022110180,DARK,,,,,,,,,1 column,Product Info Column,Use config,Use config,,,,CTE D'OR,,,,35.55,,0.1,,,Enabled,No,"Catalog, Search",Taxable Goods,CHOCOLATE,CHOCOLATE,,,,,,KRAFT CANADA,Content will be updated,Content will be updated,,,,,,,100,0,1,0,0,1,1,1,0,1,1,,0,1,0,1,0,1,0,1,0,0,0,1,DARK,0,simple,,,,,,,,,,,,,,,,,,,,,,,,,
admin,base,Grocery,simple,"4,11,49",gro0187,0,7022110183,DARK FOR CONNOISSEURS 2 PK,,,,,,,,,1 column,Product Info Column,Use config,Use config,,,,CTE D'OR,,,,35.55,,10.05,,,Enabled,No,"Catalog, Search",Taxable Goods,CHOCOLATE,CHOCOLATE,,,,,,KRAFT CANADA,Content will be updated,Content will be updated,,,,,,,100,0,1,0,0,1,1,1,0,1,1,,0,1,0,1,0,1,0,1,0,0,0,1,DARK FOR CONNOISSEURS 2 PK,0,simple,,,,,,,,,,,,,,,,,,,,,,,,,
admin,base,Grocery,simple,"4,12,44",gro0188,0,7022110184,MILK FOR CONNOISSEURS 2 PK,,,,,,,,,1 column,Product Info Column,Use config,Use config,,,,CTE D'OR,,,,35.55,,10.05,,,Enabled,No,"Catalog, Search",Taxable Goods,CHOCOLATE,CHOCOLATE,,,,,,KRAFT CANADA,Content will be updated,Content will be updated,,,,,,,100,0,1,0,0,1,1,1,0,1,1,,0,1,0,1,0,1,0,1,0,0,0,1,MILK FOR CONNOISSEURS 2 PK,0,simple,,,,,,,,,,,,,,,,,,,,,,,,,
admin,base,Grocery,simple,"4,10,42",gro0189,0,7022156828,EXPRIENCES ORANGE FLAVOURED DARK CHOCOLATE W/RICH ORANGE CENTRE 70% CACAO,,,,,,,,,1 column,Product Info Column,Use config,Use config,,,,CTE D'OR,,,,35.55,,0.1,,,Enabled,No,"Catalog, Search",Taxable Goods,CHOCOLATE,CHOCOLATE,,,,,,KRAFT CANADA,Content will be updated,Content will be updated,,,,,,,100,0,1,0,0,1,1,1,0,1,1,,0,1,0,1,0,1,0,1,0,0,0,1,EXPRIENCES ORANGE FLAVOURED DARK CHOCOLATE W/RICH ORANGE CENTRE 70% CACAO,0,simple,,,,,,,,,,,,,,,,,,,,,,,,,
admin,base,Grocery,simple,"4,11,41",gro0190,0,7022156843,MIGNONNETTE MILK 24 X 10G,,,,,,,,,1 column,Product Info Column,Use config,Use config,,,,CTE D'OR,,,,35.55,,0.24,,,Enabled,No,"Catalog, Search",Taxable Goods,CHOCOLATE,CHOCOLATE,,,,,,KRAFT CANADA,Content will be updated,Content will be updated,,,,,,,100,0,1,0,0,1,1,1,0,1,1,,0,1,0,1,0,1,0,1,0,0,0,1,MIGNONNETTE MILK 24 X 10G,0,simple,,,,,,,,,,,,,,,,,,,,,,,,,
admin,base,Grocery,simple,"4,12,48",gro0191,0,7022156844,MIGNONNETTE DARK 24 X 10G,,,,,,,,,1 column,Product Info Column,Use config,Use config,,,,CTE D'OR,,,,35.55,,0.24,,,Enabled,No,"Catalog, Search",Taxable Goods,CHOCOLATE,CHOCOLATE,,,,,,KRAFT CANADA,Content will be updated,Content will be updated,,,,,,,100,0,1,0,0,1,1,1,0,1,1,,0,1,0,1,0,1,0,1,0,0,0,1,MIGNONNETTE DARK 24 X 10G,0,simple,,,,,,,,,,,,,,,,,,,,,,,,,
admin,base,Grocery,simple,"4,10,50",gro0192,0,7022156848,EXPRIENCES DARK CCHOCOLATE W/CARAMELISED COCOA NIBS 70% COCOA,,,,,,,,,1 column,Product Info Column,Use config,Use config,,,,CTE D'OR,,,,35.55,,0.1,,,Enabled,No,"Catalog, Search",Taxable Goods,CHOCOLATE,CHOCOLATE,,,,,,KRAFT CANADA,Content will be updated,Content will be updated,,,,,,,100,0,1,0,0,1,1,1,0,1,1,,0,1,0,1,0,1,0,1,0,0,0,1,EXPRIENCES DARK CCHOCOLATE W/CARAMELISED COCOA NIBS 70% COCOA,0,simple,,,,,,,,,,,,,,,,,,,,,,,,,
admin,base,Grocery,simple,"4,11,45",gro0193,0,7022176743,EXPRIENCES 70% DARK MIGNONNETTE,,,,,,,,,1 column,Product Info Column,Use config,Use config,,,,CTE D'OR,,,,35.55,,0.17,,,Enabled,No,"Catalog, Search",Taxable Goods,CHOCOLATE,CHOCOLATE,,,,,,KRAFT CANADA,Content will be updated,Content will be updated,,,,,,,100,0,1,0,0,1,1,1,0,1,1,,0,1,0,1,0,1,0,1,0,0,0,1,EXPRIENCES 70% DARK MIGNONNETTE,0,simple,,,,,,,,,,,,,,,,,,,,,,,,,
admin,base,Grocery,simple,"4,12,49",gro0194,0,7022142676,SINGLE W/A RICH CENTRE,,,,,,,,,1 column,Product Info Column,Use config,Use config,,,,CTE D'OR,,,,35.55,,0.044,,,Enabled,No,"Catalog, Search",Taxable Goods,DARK CHOCOLATE TRUFFLE,DARK CHOCOLATE TRUFFLE,,,,,,KRAFT CANADA,Content will be updated,Content will be updated,,,,,,,100,0,1,0,0,1,1,1,0,1,1,,0,1,0,1,0,1,0,1,0,0,0,1,SINGLE W/A RICH CENTRE,0,simple,,,,,,,,,,,,,,,,,,,,,,,,,
admin,base,Grocery,simple,"4,10,44",gro0195,0,7022110175,SINGLE,,,,,,,,,1 column,Product Info Column,Use config,Use config,,,,CTE D'OR,,,,35.55,,0.047,,,Enabled,No,"Catalog, Search",Taxable Goods,MILK CHOCOLATE,MILK CHOCOLATE,,,,,,KRAFT CANADA,Content will be updated,Content will be updated,,,,,,,100,0,1,0,0,1,1,1,0,1,1,,0,1,0,1,0,1,0,1,0,0,0,1,SINGLE,0,simple,,,,,,,,,,,,,,,,,,,,,,,,,
admin,base,Grocery,simple,"4,11,42",gro0196,0,7022110176,SINGLE W/HAZELNUTS,,,,,,,,,1 column,Product Info Column,Use config,Use config,,,,CTE D'OR,,,,35.55,,0.045,,,Enabled,No,"Catalog, Search",Taxable Goods,MILK CHOCOLATE,MILK CHOCOLATE,,,,,,KRAFT CANADA,Content will be updated,Content will be updated,,,,,,,100,0,1,0,0,1,1,1,0,1,1,,0,1,0,1,0,1,0,1,0,0,0,1,SINGLE W/HAZELNUTS,0,simple,,,,,,,,,,,,,,,,,,,,,,,,,
admin,base,Grocery,simple,"4,12,41",gro0197,0,7022142675,W/A HAZELNUT/ALMOND/CASHEW NUT PRALINE,,,,,,,,,1 column,Product Info Column,Use config,Use config,,,,CTE D'OR,,,,35.55,,0.045,,,Enabled,No,"Catalog, Search",Taxable Goods,MILK CHOCOLATE,MILK CHOCOLATE,,,,,,KRAFT CANADA,Content will be updated,Content will be updated,,,,,,,100,0,1,0,0,1,1,1,0,1,1,,0,1,0,1,0,1,0,1,0,0,0,1,W/A HAZELNUT/ALMOND/CASHEW NUT PRALINE,0,simple,,,,,,,,,,,,,,,,,,,,,,,,,
admin,base,Grocery,simple,"4,10,48",gro0198,0,7022142677,SINGLE W/A HAZELNUT/ALMOND/CASHEW NUT PRALINE,,,,,,,,,1 column,Product Info Column,Use config,Use config,,,,COUNTRY TIME,,,,35.55,,0.045,,,Enabled,No,"Catalog, Search",Taxable Goods,MILK CHOCOLATE,MILK CHOCOLATE,,,,,,KRAFT CANADA,Content will be updated,Content will be updated,,,,,,,100,0,1,0,0,1,1,1,0,1,1,,0,1,0,1,0,1,0,1,0,0,0,1,SINGLE W/A HAZELNUT/ALMOND/CASHEW NUT PRALINE,0,simple,,,,,,,,,,,,,,,,,,,,,,,,,
admin,base,Grocery,simple,"4,11,50",gro0199,0,6618805337,ORIGINAL LEMONADE,,,,,,,,,1 column,Product Info Column,Use config,Use config,,,,COUNTRY TIME,,,,35.55,,2.4,,,Enabled,No,"Catalog, Search",Taxable Goods,DRINK MIX,DRINK MIX,,,,,,KRAFT CANADA,Content will be updated,Content will be updated,,,,,,,100,0,1,0,0,1,1,1,0,1,1,,0,1,0,1,0,1,0,1,0,0,0,1,ORIGINAL LEMONADE,0,simple,,,,,,,,,,,,,,,,,,,,,,,,,
admin,base,Grocery,simple,"4,12,45",gro0200,0,6618805470,ORIGINAL LEMONADE,,,,,,,,,1 column,Product Info Column,Use config,Use config,,,,COUNTRY TIME,,,,35.55,,0.58,,,Enabled,No,"Catalog, Search",Taxable Goods,DRINK MIX,DRINK MIX,,,,,,KRAFT CANADA,Content will be updated,Content will be updated,,,,,,,100,0,1,0,0,1,1,1,0,1,1,,0,1,0,1,0,1,0,1,0,0,0,1,ORIGINAL LEMONADE,0,simple,,,,,,,,,,,,,,,,,,,,,,,,,
